"08:37","Benny Engelbrecht (S):","I det regnestykke regner fru Louise Schack Elholm jo så stadig væk 2011 med, som var en aftale med kommunerne, som blev indgået af den daværende VK-regering, og så er vi lidt tilbage i samme rille. Så det kan blive en meget lang debat, hvis vi skal fortsætte den her. LINEBREAK ","50","20171M038_2017-12-22_0800","ORIGINAL","1808"
"13:47","Benny Engelbrecht (S):","Tak for et meget klart svar, som jeg ikke skal lægge skjul på jeg er uhyre tilfreds med. Kan ministeren godt forstå, at der kan være personer, som har en vis bekymring og antager en vis bekymret mine, når der er en minister i en regering, som melder sådan ud? LINEBREAK ","50","20181M005_2018-10-10_1000","ORIGINAL","2458"
"19:25","Benny Engelbrecht (S):","Nu er jeg ret sikker på, at hr. Finn Sørensen sigter på regeringens økonomiske politik, altså, at der, som finansministeren redegjorde for, skal være en offentlig vækst på 0,3 pct., og der er det i hvert fald min klare vurdering, at det ikke er tilstrækkeligt til, at man kan løfte det demografiske træk. LINEBREAK ","53","20161M081_2017-04-18_1300","ORIGINAL","1030"
"09:14","Benny Engelbrecht (S):","I denne som i alle mulige andre sammenhænge er Socialdemokratiet altid villige til at dukke op til forhandlinger. Det er også klart, at hvis det er sådan, at man ønsker os med, så forventer vi selvfølgelig også, at vi får indflydelse på de ting, der skal aftales. Men hvis det var en invitation, tager vi selvfølgelig glædeligt imod den. LINEBREAK ","59","20161M036_2016-12-14_0900","ORIGINAL","456"
"13:27","Benny Engelbrecht (S):","Spændende, spændende. Det, vi kan konstatere, er altså, at vi vil blive mødt med en række enkeltelementer, som vil blive dryppet ud over årene, kan jeg forstå. Er der andre ting, som finansministeren forventer at regeringen ikke når at blive færdig med i det her forår, som også skal udsættes til efteråret? LINEBREAK ","52","20161M061_2017-02-22_1300","ORIGINAL","686"
"13:26","Benny Engelbrecht (S):","Så med andre ord er det sådan, at når man kan citere socialministeren for at sige, at den beslutning både kan ligge oppe i sundhedsvæsen Danmark, og at den også kan ligge nede i forvaltningerne, så er det det, der er retvisende og korrekt.   LINEBREAK ","44","20181M084_2019-04-10_1300","ORIGINAL","3176"
"13:45","Benny Engelbrecht (S):","Men mener hr. Joachim B. Olsen, at man også i en situation, hvor en tjeneste måtte være kendt ulovlig af landets domstole hele vejen igennem, som medlem af Folketinget bør benytte sig af denne tjeneste – en tjeneste, som ikke er lovlig? Det virker på mig en kende underligt. LINEBREAK ","49","20161M036_2016-12-14_0900","ORIGINAL","460"
"15:21","Benny Engelbrecht (S):","Jeg læser op: LINEBREAK Hvordan vil ministeren sikre, at der undgås lovsjusk i forbindelse med behandlingen af ændringsforslag til finansloven for 2019, set i lyset af at finanslovsaftalen på andet år siden 2002 ikke er indgået ved udgangen af november, når man ser bort fra valgåret 2008? LINEBREAK ","46","20181M031_2018-12-05_1000","ORIGINAL","2681"
"17:39","Benny Engelbrecht (S):","Det er et investeringsvindue, som skal sikre, at man får lavet de investeringer, som er nødvendige for at genopbygge Tyra, og som jeg allerede har redegjort for en gang, kan det jo meget let ende med, at det ikke er nogen lempelse, al den stund at det afhænger af oliepriserne. LINEBREAK ","50","20171M006_2017-10-12_1000","ORIGINAL","1501"
"12:41","Benny Engelbrecht (S):","Det er fuldstændig korrekt, at det er rigtigt, og det er også derfor, det er forkert, når både Konservative og Venstre tidligere har fremhævet, at der skulle være en særlig økonomisk nødvendighed i at skulle hæve pensionsalderen. Det er ganske enkelt forkert. LINEBREAK ","42","20161M080_2017-04-07_1000","ORIGINAL","1018"
"13:50","Benny Engelbrecht (S):","Jeg sætter meget gerne mange flere ord på – alle de ord, der overhovedet kan være nødvendige – især hvis det er sådan, at et flertal uden om regeringen pålægger regeringen at sørge for, at velfærden bliver sikret frem til år 2025, hvis ellers den nuværende regering skulle overleve så lang tid. LINEBREAK ","52","20171M031_2017-12-08_1000","ORIGINAL","1722"
"13:01","Benny Engelbrecht (S):","Tak, formand. Er det fortsat ministerens og regeringens ønske ikke at fremlægge konkrete initiativer, der skal medføre den foreslåede besparelse i overførselssystemet på 5,25 mia. kr. i 2025, eller kan ministeren løfte sløret for, hvornår regeringen vil fremlægge konkrete elementer herfor, så både danskerne og Folketinget kan tage stilling til regeringens politik? LINEBREAK ","52","20171M015_2017-11-08_1300","ORIGINAL","1576"
"13:22","Benny Engelbrecht (S):","Jeg læser spørgsmålet op: Ifølge de seneste udmeldinger fra regeringen har den udskudt at tage stilling til en række bebudede politiske initiativer til efteråret eller senere, eksempelvis jobreform 2, senere tilbagetrækningsalder og en SU-reform – forventer ministeren på den baggrund, at regeringens bebudede 2025-plan også udsættes til efteråret eller senere? LINEBREAK ","50","20161M061_2017-02-22_1300","ORIGINAL","685"
"13:10","Benny Engelbrecht (S):","Jeg læser spørgsmålet op: Mener ministeren, at det er normal praksis i Finansministeriet, at man i beregninger af andre partiers politik laver direkte forkerte antagelser, som da ministeren i Politiken den 27. september 2016 påstod, at Togfonden DK ikke skulle gennemføres efter den nye aftale om Togfonden DK? LINEBREAK ","48","20161M005_2016-10-12_1300","ORIGINAL","37"
"13:01","Benny Engelbrecht (S):","Jeg læser spørgsmålet op: Er ministeren af den opfattelse, at de beregninger, som blev gengivet i Politiken den 27. september 2016 som Finansministeriets vurdering af Socialdemokratiets forhandlingsoplæg »Stol på Danmark«, var en officiel og korrekt gengivelse af indholdet i »Stol på Danmark«? LINEBREAK ","42","20161M005_2016-10-12_1300","ORIGINAL","36"
"11:57","Benny Engelbrecht (S):","Tak, formand. Tak for et klart svar på, hvor meget Liberal Alliance ønsker at hæve pensionsalderen med. LINEBREAK Det andet spørgsmål går så på, med hvor meget skatten tilsvarende skal sænkes, når de midler er tilvejebragt i hr. Joachim B. Olsen og Liberal Alliances optik. LINEBREAK ","44","20161M080_2017-04-07_1000","ORIGINAL","1013"
"18:50","Benny Engelbrecht (S):","Ja, for hensigten er jo fin, nemlig at det sikres, at man holder sig inden for de rammer, der overordnet set er aftalt. Men jeg giver fru Lisbeth Bech Poulsen fuldstændig ret i, at hvis det så ender i, at man permanent underforbruger, jamen så er det jo uhensigtsmæssigt, helt sikkert. LINEBREAK ","51","20181M086_2019-04-23_1300","ORIGINAL","3216"
"14:14","Benny Engelbrecht (S):","Anerkender ministeren, at antallet af åbne samråd har haft et ret beskedent udsving i perioden 2005 til 2016, jævnfør den opgørelse, Folketingets Administration har foretaget, og som er omtalt i artiklen »Nej, antallet af samråd i Folketinget er ikke eksploderet« i Jyllands-Posten den 15. februar 2017? LINEBREAK ","46","20161M065_2017-03-01_1300","ORIGINAL","763"
"13:26","Benny Engelbrecht (S):","Tak, formand. Når ministeren i svaret på Sundheds- og Ældreudvalgets spørgsmål 444 (alm. del) oplyser, at honoraret for de 36 bestyrelsesmedlemmer i Sundhedsvæsen Danmark og sundhedsforvaltningerne ikke er endeligt fastlagt, mener ministeren da, at regeringens regnestykke over besparelserne ved nedlæggelsen af de folkevalgte regionsråd er retvisende? LINEBREAK ","46","20181M066_2019-02-27_1300","ORIGINAL","3010"
"13:07","Benny Engelbrecht (S):","Men der er jo så den klare forståelse fra ministerens side, at der derudover også er andre elementer i spil. Det er i hvert fald det, som ministeren også tidligere har bekræftet. LINEBREAK Kender ministeren fortilfælde, hvor en regering sådan igennem flere måneder ikke har villet fortælle, hvor den ville finde så store milliardbesparelser til konkret finansiering af skattelettelser? LINEBREAK ","58","20171M015_2017-11-08_1300","ORIGINAL","1577"
"20:57","Carsten Bach (LA):","Tak for svaret på det. I tilfælde af selvstændighed, hvordan forudser ordføreren så at en suverænitetshåndhævelse skal varetages på Færøerne? Og måske kan ordføreren også komme med en vurdering af, hvilke forsvarsalliancer der i så tilfælde skulle indgås på Færøerne. LINEBREAK ","40","20161M028_2016-12-05_1000","ORIGINAL","375"
"11:26","Carsten Bach (LA):","Det er selvfølgelig Liberal Alliances holdning, at vi skal sikre en demokratisk udvikling også i Syrien, og den demokratiske udvikling kan som udgangspunkt ikke indbefatte Assadstyret. Det konkrete bidrag her er jo med til, kan man sige, i forhold til ISIL at nedkæmpe de rester, der er, af ISIL og trænge ISIL helt og endeligt tilbage. LINEBREAK ","56","20171M036_2017-12-19_1000","ORIGINAL","1788"
"14:38","Carsten Bach (LA):","Jo, det synes jeg for så vidt, og det er vel i virkeligheden også det, vi har på nuværende tidspunkt i form af Kystdirektoratet og det samarbejde, der foregår mellem Kystdirektoratet, kommunerne og så de sammenslutninger af grundejere, der er rundtomkring i landet. LINEBREAK ","43","20161M050_2017-01-26_1000","ORIGINAL","573"
"14:33","Carsten Bach (LA):","I det tilfælde, at ordføreren for Enhedslisten mener, at der er nogle forhold i det danske landbrug, som fortjener en politianmeldelse, vil jeg igen fra Folketingets talerstol kraftigt opfordre Enhedslistens ordfører til at foretage de anmeldelser, sådan at vi kan få en retsmæssig politiefterforskning af de konkrete forhold og så få gjort noget ved dem. LINEBREAK ","55","20181M077_2019-03-28_1000","ORIGINAL","3116"
"20:27","Carsten Bach (LA):","Tak. Det var jo i hvert fald en del af svaret. I forhold til det med den ombruste debat om selvstændighed i Grønland i øjeblikket, kunne ordføreren måske sætte et par ord på, hvordan ordføreren vil betragte suverænitetshåndhævelse i Grønland efter en eventuel selvstændighed. LINEBREAK ","44","20161M105_2017-05-31_0900","ORIGINAL","1387"
"13:26","Carsten Bach (LA):","Tak. Jeg fornemmede en meget, meget lille åbning for noget lokaldemokrati. Jeg kunne bare godt tænke mig at få en forklaring på, hvad det er, der gør, at hr. Christian Poll mener, at han selv og andre folketingsmedlemmer og staten som administrativ enhed er bedre til at vurdere, hvad der er godt og mindre godt for lokalområder, herunder vores kyster. LINEBREAK ","60","20161M054_2017-02-02_1000","ORIGINAL","600"
"17:09","Carsten Bach (LA):","Ja, eller at man netop, som hr. Karsten Hønge udtrykker det her, sikrer, at de virksomheder, der allerede er i markedet, får en konkurrencefordel. Det har også været debatteret tidligere i salen, og de argumenter, som ministeren fremlagde i den forbindelse, støtter jeg fuldstændig. LINEBREAK ","44","20161M096_2017-05-11_1000","ORIGINAL","1230"
"10:42","Carsten Bach (LA):","Jeg selv og Liberal Alliance er enige i det budskab, der også ligger i lovforslaget her, om, at såfremt der skal foretages en overimplementering af EU's vandrammedirektiv, bør det foregå i en lokal dialog, bl.a. med vandrådet, lokale myndigheder, vandløbsejere og andre interessenter. Det er det, Liberal Alliance er enig i. LINEBREAK ","51","20161M010_2016-10-27_1000","ORIGINAL","120"
"17:22","Carsten Bach (LA):","Tak for det, og tak for ordførertalen, hvor jeg også hørte et ønske om yderligere udbygning med vindenergi i Danmark. Der kan jeg jo ikke ligefrem sige, at jeg sådan set deler ordførerens ønske, men mener ordføreren, at ensidig fokus på udbygning med vindmøller fuldstændig kan imødekomme de internationale reduktionsmål for CO2-udledningen globalt set? LINEBREAK ","54","20161M003_2016-10-06_1000","ORIGINAL","18"
"20:23","Carsten Bach (LA):","Jeg har to ting. Først vil jeg sige, at jeg er meget glad for, at fru Ida Auken er kommet sig over sin klimadepression. Det er jeg virkelig glad for. Så kunne jeg også godt tænke mig at høre, om ikke fru Ida Auken er enig med hr. Jens Joel i, at fremtidens udbud med vedvarende energi skal foregå teknologineutralt. LINEBREAK ","60","20161M101_2017-05-23_1300","ORIGINAL","1334"
"15:46","Carsten Bach (LA):","Tak for svaret. Skal jeg dermed forstå ordføreren for Venstre således, at det har været en del af de konkrete politiske forhandlinger, at lige præcis organisationen Danmarks Naturfredningsforening skulle have eneret på indstillingen fra ministeren i forhold til at udpege fagpersonen på natur- og miljøområdet? LINEBREAK ","45","20161M012_2016-11-08_1300","ORIGINAL","145"
"17:30","Carsten Bach (LA):","Jeg skal så beklage, at jeg har misforstået ordføreren. Det er jeg også ked af, men måske kan fru Ida Auken uddybe lidt for undertegnede og andre, hvilken udbudsform man tænker på, og måske inddrage teknologineutralitet en lille smule i de ræsonnementer, Det Radikale Venstre gør sig om udbygningen af vedvarende energi i fremtiden. LINEBREAK ","54","20161M103_2017-05-29_1000","ORIGINAL","1373"
"20:10","Carsten Bach (LA):","Tak for svaret på det. De samme dele af det færøske politiske system, som ønsker selvstændighed, ønsker også en afvikling af bloktilskuddet. Er det så ordførerens vurdering, at det samme vil være realistisk for Grønland, og vil det have en positiv eller negativ effekt for udviklingen af det grønlandske samfund og den grønlandske økonomi? LINEBREAK ","54","20161M028_2016-12-05_1000","ORIGINAL","370"
"15:27","Carsten Bach (LA):","Ja, det tror jeg bestemt også at Liberal Alliance ville kunne støtte op om. Forskning er jo en af de vigtige parametre, når vi snakker om at sikre fremtidens velfærdssamfund og meget andet. Og derfor forsøger vi også efter bedste evne at presse regeringen til at udvide og øge ressourcer til forskning på alle områder. LINEBREAK ","55","20161M008_2016-10-25_1300","ORIGINAL","83"
"15:20","Carsten Bach (LA):","Det har jo den sammenhæng, som spørgeren også antydede i første bemærkning, nemlig at vi nu indgår i et regeringssamarbejde med to andre partier, og så i øvrigt det lovforslag, som vi tidligere også har debatteret i dag, nemlig L 90, i forhold til afskaffelse af PSO'en og den brede politiske aftale, der er indgået omkring den. LINEBREAK ","57","20161M024_2016-11-29_1300","ORIGINAL","305"
"14:15","Carsten Bach (LA):","Ja, det er jo lige præcis det, man har samråd til i den her sammenhæng. Jeg vil også glæde mig til det her samråd. Jeg er lidt usikker på, om spørgeren hentyder til samråd i forhold til miljø- og fødevareministeren eller til energi- og klimaministeren i den her sammenhæng, men samrådet vil jeg da se frem til under alle omstændigheder. LINEBREAK ","60","20161M024_2016-11-29_1300","ORIGINAL","297"
"11:31","Carsten Bach (LA):","Jeg synes faktisk godt, man her kan tale om en øget grad af selvstændighed og overdragelse af flere administrative områder, og at det – som jeg også sagde – bliver gjort i en gensidig forståelse, når Grønland er parat til det. LINEBREAK ","41","20171M047_2018-01-19_1000","ORIGINAL","1870"
"20:36","Carsten Bach (LA):","Det er fuldstændig korrekt. Jeg tror måske, at jeg i min ordførertale glemte at trække vejret ved et punktum, og at det måske var derfor, at det kom til at fremstå som en sammenhæng – for det kan jeg sådan set give spørgeren fuldstændig ret i at der ikke er. LINEBREAK ","50","20161M101_2017-05-23_1300","ORIGINAL","1335"
"17:21","Carsten Bach (LA):","Jeg mener igen ikke, at den slutning vedrørende lukning af danske havnebyer, eller at vi ser mindre aktivitet i visse danske havnebyer, nødvendigvis kan paralleliseres hundrede procent med udviklingen i fiskerierhvervet. Og så mener jeg sådan helt principielt set ikke, at vi fra politisk side skal holde hånden under eller over noget erhverv i Danmark overhovedet. LINEBREAK ","56","20181M026_2018-11-27_1300","ORIGINAL","2645"
"10:32","Carsten Bach (LA):","Som jeg sagde, og som det også er sagt af flere ordførere før mig i deres indlæg her fra talerstolen, har Danmark jo tidligere deltaget i at opretholde den maritime sikkerhed i Middelhavet, og det skal vi selvfølgelig fortsætte med at gøre uanset niveauet for trusselsbilledet. LINEBREAK ","46","20171M036_2017-12-19_1000","ORIGINAL","1780"
"11:39","Finn Sørensen (EL):","Det blev ikke krystalklart, men så lad mig spørge på en anden måde: Betyder det, ordføreren siger, at hvis KL giver en klar melding til regeringen om, at de ikke er interesseret i, at Folketinget fastsætter nogle måltal eller på anden måde tvinger dem til at konkurrenceudsætte, så vil Dansk Folkeparti støtte KL's synspunkt? LINEBREAK ","54","20171M022_2017-11-23_1000","ORIGINAL","1627"
"12:04","Finn Sørensen (EL):","Begge beløb er før skat i forbindelse med den sammenligning, jeg laver. Kontanthjælpen er 10.968 kr., og industriens mindsteløn, når man medregner de tillæg, faste tillæg, der kan gøres op i penge, som feriepenge, feriefridage og pension, kommer op på 22.411 kr. før skat. Begge dele er før skat. Så kan det vel betale sig at arbejde, ikke sandt? LINEBREAK ","59","20161M059_2017-02-10_1000","ORIGINAL","663"
"15:28","Finn Sørensen (EL):","Det kan jeg overhovedet ikke se. Det er jo en anden form for lovgivning, der gør det svært for danske statsborgere, der har været væk i lang tid, at komme tilbage. Det er en anden lovgivning, som Venstres ordfører selv er medansvarlig for, så det har da ikke noget med det her at gøre. LINEBREAK ","54","20161M088_2017-04-27_1002","ORIGINAL","1099"
"11:42","Finn Sørensen (EL):","Tak. Dansk Folkeparti markedsfører jo sig selv som danskernes parti. Hvordan kan det så være, at man støtter et lovforslag, der på sigt vil medføre, at tusindvis af udlandsdanskere vil blive ramt af det her og være i en situation, hvor de får væsentlig lavere folke- og førtidspension end andre danske statsborgere? LINEBREAK ","52","20171M062_2018-02-22_1000","ORIGINAL","1977"
"10:36","Finn Sørensen (EL):","Tak for bekræftelsen af, at også selv om det her bliver vedtaget, vil det stadig væk være sådan, at en lønmodtagere kan melde sig ind i en hvilken som helst fagforening, lønmodtageren måtte ønske at melde sig ind i. Vil ordføreren så også indrømme, at der ikke er tale om noget indgreb i foreningsfriheden? LINEBREAK ","54","20181M059_2019-02-07_1000","ORIGINAL","2919"
"17:05","Finn Sørensen (EL):","Om jeg kan svare på det, inden dagen er gået, tør jeg ikke sige, for det kræver jo, at jeg får mulighed for at se den konkrete lovtekst, sådan at jeg får en mulighed for at vurdere, hvor meget der egentlig er i det. LINEBREAK ","44","20171M056_2018-02-06_1300","ORIGINAL","1950"
"10:30","Finn Sørensen (EL):","Tak. Det virker lidt selvmodsigende. Man tager et forbehold, men mener sådan set ikke, at der er nogen grund til bekymring. Altså, kan ordføreren ikke forklare sammenhængen i det? Er det svenskerne og finnerne, der er lidt dumme og ikke rigtig har forstået det – eller hvad? LINEBREAK ","47","20161M006_2016-10-13_1000","ORIGINAL","51"
"11:57","Finn Sørensen (EL):","Jo tak, men hvis man spørger personalet og deres organisationer; hvis man spørger regionerne, de fem regioner, er svaret krystalklart: Nu er nok nok, og kravet om 2 pct.s årlige effektiviseringer oven i alle de andre årlige effektiviseringer skal væk. Er ordføreren enig med organisationerne og personalet i det? LINEBREAK ","49","20161M055_2017-02-03_1000","ORIGINAL","614"
"12:43","Finn Sørensen (EL):","Undskyld, jeg var lidt sent på den, men tak, fordi ordføreren var så længe om at komme ned fra talerstolen, at jeg alligevel nåede det, og tak for, at formanden var fleksibel. LINEBREAK Kunne ordføreren måske løfte sløret lidt mere for, hvilke konkrete ændringer Radikale Venstre forestiller sig at der skal gennemføres i den her lovgivning om førtidspension og fleksjob? LINEBREAK ","59","20181M082_2019-04-05_1000","ORIGINAL","3158"
"13:18","Finn Sørensen (EL):","Tak. Men hvad sker der lige for Liberal Alliance? Altså, jeg kan da i hvert fald forstå af en artikel, jeg har læst, af 16. januar 2018, at Liberal Alliances skatteordfører, Joachim B. Olsen, kalder Dansk Folkepartis forslag for udmærket og umiddelbart fornuftigt. Så hvad sker der lige? LINEBREAK ","48","20171M063_2018-02-23_1000","ORIGINAL","1991"
"11:16","Finn Sørensen (EL):","Jo, det er jo rigtigt, at man for at leve op til de rigide krav, der lægges ned oven fra, iværksætter forskellige aktiviteter bare for at leve op til det. Og det er da i hvert fald ikke et godt styringsredskab. LINEBREAK ","41","20161M107_2017-06-02_0900","ORIGINAL","1417"
"11:31","Finn Sørensen (EL):","Så skal jeg bare kvittere for det klare svar, for det var ligesom ikke med i ordførerens tale, eller også hørte jeg ikke ordentligt efter. Men nu har jeg fået et tilsagn, i hvert fald om at være åben over for det. Så tak for det. LINEBREAK ","46","20161M084_2017-04-21_1000","ORIGINAL","1056"
"14:55","Finn Sørensen (EL):","Der var ikke noget nyt i spørgsmålet, og der kommer heller ikke noget nyt i svaret. Jeg konstaterer bare, at ordføreren ikke ønsker at diskutere det punkt, der er på dagsordenen. Han vil hellere snakke om noget helt andet. Det må vi bare tage til efterretning. LINEBREAK ","46","20171M056_2018-02-06_1300","ORIGINAL","1944"
"14:17","Finn Sørensen (EL):","Tak. Jeg vil da nødig skuffe ministeren. Det er det her med de forligsmæssige bindinger. Jeg vil gerne høre ministeren: Står det hvert af de nuværende forligspartier frit for, fuldstændig frit for, om de i 2020 vil stemme for en yderligere forhøjelse af pensionsalderen til 69 år? LINEBREAK ","47","20181M017_2018-11-09_1000","ORIGINAL","2587"
"10:53","Finn Sørensen (EL):","Tak. Og et af spørgsmålene vil jeg da gerne stille allerede nu, ellers må jeg gøre det skriftlig, hvis ministeren ikke lige har tallene. Hvor mange forventer man bliver ramt af den her karensperiode, man foreslår indført, og hvad er økonomien i det? Hvilken besparelse ligger der eventuelt gemt i det? LINEBREAK ","51","20161M042_2017-01-12_1000","ORIGINAL","502"
"13:38","Finn Sørensen (EL):","Tak. Hvordan vil ordføreren så undgå, at der spares på vigtige områder inden for SU-systemet? Og skal jeg forstå det sådan, at ordføreren faktisk er meget godt tilfreds med Domstolens afgørelse fra 2013, på trods af at den har overrulet det danske Folketing og vores muligheder for selv at regulere det her spørgsmål? LINEBREAK ","53","20161M067_2017-03-03_1000","ORIGINAL","823"
"16:49","Finn Sørensen (EL):","Det ville være dejligt, hvis hr. Leif Lahn Jensen kunne bekræfte, at han havde hørt efter under min ordførertale, men det kan jeg høre at hr. Leif Lahn Jensen ikke er i stand til. For han startede sit spørgsmål med at sige, at jeg ikke havde beskæftiget mig med de forbedringer, der er i lovforslaget. LINEBREAK ","55","20171M022_2017-11-23_1000","ORIGINAL","1637"
"17:02","Finn Sørensen (EL):","Tak. Det er lidt inspireret af den foregående ordfører, der var på talerstolen: Jamen hvad er hr. Torsten Gejls holdning til, at lønmodtagerne bliver tvunget til at låne arbejdsgiverne feriepengene i op til 60 år? Hvad er hr. Torsten Gejls holdning til det? Synes han, det ser kønt ud? LINEBREAK ","49","20171M032_2017-12-12_1300","ORIGINAL","1735"
"11:12","Finn Sørensen (EL):","Hvis der var blevet lyttet, havde det nok ikke været nødvendigt for en ellers meget besindig regionsformand at komme med de udtalelser, han kom med for et par dage siden. Og der er jo ikke blevet lyttet, for hvis man lyttede, ville man jo stemme for det beslutningsforslag, Enhedslisten har fremsat her. LINEBREAK ","52","20161M107_2017-06-02_0900","ORIGINAL","1416"
"13:54","Finn Sørensen (EL):","Det er jeg jo glad for at høre, men går den iver efter at beskytte borgernes retssikkerhed så så langt, at Dansk Folkeparti vil være med til, at vi stiller nogle ændringsforslag om at få fjernet de forsøg, der begrænser borgernes retssikkerhed? LINEBREAK ","42","20161M092_2017-05-04_1000","ORIGINAL","1157"
"14:50","Torsten Gejl (ALT):","Tak. Alternativet stemmer for forslaget. Vi synes, det er klogt at indføre enkeltsamtaler og gruppesamtaler mellem Arbejdstilsynet og medarbejderne ude på virksomhederne, og vi synes også, det er en fin præcisering af muligheden for enkeltaktiviteter. Så herfra er det bare et ja. LINEBREAK ","42","20171M072_2018-03-20_1300","ORIGINAL","2074"
"13:15","Torsten Gejl (ALT):","Midt i den her dejlige enighed er der jo også nogle uenigheder. Ja, man kan spørge, men hvis det tvinges igennem, synes jeg, det er at gå på kompromis med kommunernes selvstyre. Det er dér, jeg synes at det alt for let kan komme til at skabe meningsløshed. LINEBREAK ","48","20171M022_2017-11-23_1000","ORIGINAL","1629"
"20:33","Torsten Gejl (ALT):","Tak. Og tak for talen. Formålet med lovændringen var at bekæmpe utryghedsskabende tiggeri, defineret som tiggeri de nævnte steder, mens baggrunden tilsyneladende var at skræmme udenlandske hjemløse fra at rejse til Danmark og tigge. Det har siden vist sig, at ganske almindelige hjemløse, som tigger uden at skabe utryghed, også bliver ramt af lovgivningen. Hvad siger ministeren til det? LINEBREAK ","59","20181M083_2019-04-09_1300","ORIGINAL","3171"
"17:19","Torsten Gejl (ALT):","En af de ideer, som vi hørte fra fru Karina Adsbøl, var det her med en mere kraftfuld og obligatorisk taskforce. Det havde jeg ikke selv set, det havde jeg ikke hørt før, men ideen synes jeg er god. Det er sådan noget, vi gerne vil være med til at drøfte i den forbindelse. LINEBREAK ","54","20161M044_2017-01-17_1300","ORIGINAL","519"
"12:05","Torsten Gejl (ALT):","Tak. Og tak for talen. Nu har ordføreren i en tidligere debat her i salen fra talerstolen hævdet, at der var ikke var nogen, der var på kontanthjælp, som var syge. Jeg vil bare høre, om ordføreren stadig væk har det indtryk. LINEBREAK ","42","20161M059_2017-02-10_1000","ORIGINAL","664"
"18:16","Torsten Gejl (ALT):","Jeg går ud fra, at ordføreren giver mig ret i, at der ikke bliver taget penge ud af det offentlige. Der bliver ikke taget afkast ud fra f.eks. penge, som er blevet betalt i skat, og givet til nogen som helst private foretagender. Er ordføreren enig i det? LINEBREAK ","48","20181M008_2018-10-23_1300","ORIGINAL","2495"
"21:01","Torsten Gejl (ALT):","Jamen det her beslutningsforslag handler om tilbagerulning af lovændringen om skærpelse af straffen for tiggeri, og hvis det har været uklart, vil jeg gerne beklage det. LINEBREAK Hvad mener ordføreren om, at det er utryghedsskabende at tigge foran et supermarked og en station, men ikke foran Christiansborg? LINEBREAK ","46","20181M083_2019-04-09_1300","ORIGINAL","3173"
"15:36","Torsten Gejl (ALT):","Jo, men på den baggrund at sige, at vi skal til at tvinge kommunerne til at gøre det her og så sanktionere dem, hvis de ikke gør det, synes jeg er langt at gå. I Alternativet er vi virkelig, virkelig glade for det kommunale selvstyre, så vi er klar til at gå dybere for at finde alternativer til den løsning. LINEBREAK ","60","20161M104_2017-05-30_1300","ORIGINAL","1380"
"10:42","Torsten Gejl (ALT):","Altså, jeg synes, det er dødsensfarligt at lægge det her over på finansloven. Hvis vi lægger det her over på finansloven, kan det i hvert fald godt kræve, at der er et rødt flertal resten af mit liv, for at jeg er stenhamrende sikker på, at de her penge fortsat vil blive brugt på sociale udfordringer. LINEBREAK ","56","20171M067_2018-03-02_1000","ORIGINAL","2015"
"10:08","Torsten Gejl (ALT):","Som det er blevet påpeget, gifter man sig på kryds og tværs i Europa og verden, og derfor vil vi også gerne bakke op om lovgivningen, der sikrer, at man ved, hvad man skal gøre, når man bliver skilt på kryds og tværs, så derfor bakker Alternativet op om den her lov. LINEBREAK ","52","20161M007_2016-10-14_1000","ORIGINAL","79"
"15:04","Torsten Gejl (ALT):","Både SF og Alternativet er jo positive over for forslaget. Som jeg også har sagt og nævnt tre gange i min tale: Vi vil godt have kigget nærmere på udmøntningen af den aftale, vi har lavet til et meget, meget stort beløb i satspuljen, før vi her i udvalgsarbejdet tager endelig indstilling. LINEBREAK ","52","20161M015_2016-11-11_1000","ORIGINAL","192"
"13:24","Torsten Gejl (ALT):","Tak. Jeg vil bare have ordføreren til at bekræfte, at det er 7,3 mio. kr., man i første omgang sparer ved det her. Og jeg vil lige høre, om ordføreren ved, hvor mange mennesker det er, der i første omgang ikke kommer til at færdiggøre deres ph.d. LINEBREAK ","47","20161M016_2016-11-15_1300","ORIGINAL","193"
"12:34","Torsten Gejl (ALT):","Når ordføreren siger, at 1.750 danskeres dagpenge ikke er nok til at lette skatten for én bankdirektør, er det jo flot sagt. Mener ordføreren, at vi fuldstændig skal sløjfe bankdirektørens skat, altså at bankdirektører slet ikke skal betale skat længere, eller hvad? LINEBREAK ","42","20181M033_2018-12-07_1000","ORIGINAL","2704"
"19:24","Torsten Gejl (ALT):","Det har jeg fuld respekt for. Selvfølgelig må det være sådan, og jeg er ked af, hvis jeg fik udtrykt det på en anden måde. Men jeg glæder mig til at diskutere videre med spørgeren om, hvordan vi finder en god dansk model. LINEBREAK ","43","20171M094_2018-05-09_1300","ORIGINAL","2288"
"19:02","Torsten Gejl (ALT):","Hvis spørgsmålet er, om vi så skal gøre noget nu, ville jeg sige nej. Jeg mener ikke, man skal begynde at foregribe en dybdegående undersøgelse og begynde at konstruere de komponenter, som undersøgelsen skal vise hvorvidt er de rigtige. Det mener jeg simpelt hen ikke. Det er ikke i mine hænder, men det er forligskredsen, der bestemmer det. LINEBREAK ","58","20161M094_2017-05-09_1300","ORIGINAL","1192"
"14:02","Torsten Gejl (ALT):","Det er kun nødvendigt for de mennesker at få en lavere levestandard end deres forældre, hvis det bliver sådan, fordi partier som Venstre og andre mener, at der skal kanaliseres så utrolig mange penge fra vores fælles samfundshusholdning over i private lommer – vi kalder det kapitalophobning. LINEBREAK ","47","20161M096_2017-05-11_1000","ORIGINAL","1223"
"12:19","Torsten Gejl (ALT):","Det er sket, men det har så ikke været med Alternativets hjælp. Det er ikke noget, som vi har bidraget til skulle ske. Hvordan kan det, at man førhen har lavet noget, der er forkert, bruges som argument for igen at gøre noget, der er forkert? LINEBREAK ","46","20181M033_2018-12-07_1000","ORIGINAL","2702"
"13:37","Torsten Gejl (ALT):","Så vil jeg bare nøjes med at takke for den dialog, vi har på det her område. Jeg ved godt, at borgerløn er et helt andet skridt at tage, og jeg vil aldrig sige, at det er noget, Radikale har sagt, I går ind for. Men tak, fordi man vil debattere den retning. Så tak for det. LINEBREAK ","57","20171M097_2018-05-17_1000","ORIGINAL","2316"
"10:07","Torsten Gejl (ALT):","Tak. Alternativet støtter, at søfarende lønmodtagere sidestilles med de øvrige lønmodtagere. Jeg synes, at de andre ordførere glimrende har redegjort for de gode argumenter, så i stedet for at gentage det hele vil jeg bare sige, at Alternativet støtter det her lille lovforslag. LINEBREAK ","43","20161M059_2017-02-10_1000","ORIGINAL","659"
"16:27","Torsten Gejl (ALT):","Nej, men man kan jo trods alt sige, at man regner med, at det har bragt nogle væk. Så kunne det jo være spændende at høre hvor mange. Erkender ordføreren, at her, lang tid efter kontanthjælpsloftet og 225-timersreglen og integrationsydelsens indførelse, er der ikke nogen som helst dokumentation for, at det har bragt nogen som helst i arbejde? LINEBREAK ","58","20181M063_2019-02-21_1000","ORIGINAL","2983"
"13:05","May-Britt Kattrup (LA):","Jeg beklager, men jeg bliver simpelt hen nødt til at stille fru Jane Heitmann et spørgsmål, for hun fortæller, at hun har tre børn, og at hun aldrig vil tillade, at nogen skærer i dem, men hun vil gerne tillade, at der bliver skåret i andres børn. Jeg skal bare lige høre, hvordan det hænger sammen. LINEBREAK ","56","20181M025_2018-11-23_1000","ORIGINAL","2635"
"14:42","May-Britt Kattrup (LA):","Liberal Alliance ønsker, at vi kan spørge borgerne, og det har vi jo også hørt ministeren sige. En måde kunne være via e-Boks. Vi taler om NemID. Der kan være andre måder at gøre det på. Vi må jo se, hvad det vil bringe, når vi får talt om tingene. LINEBREAK ","50","20181M025_2018-11-23_1000","ORIGINAL","2638"
"13:57","May-Britt Kattrup (LA):","Tak for det. Jamen det er, fordi fru Pernille Skipper sagde, at der var nogle kvinder, som blev snydt, kun fordi de var kvinder. Hvis det er tilfældet, er det jo en overtrædelse af eksisterende lovgivning, og så skal man melde de arbejdsgivere. Hvorfor gør man så ikke det? LINEBREAK ","49","20171M074_2018-03-23_1000","ORIGINAL","2096"
"12:23","May-Britt Kattrup (LA):","Tak for det. Jeg vil da gerne anerkende, at Det Radikale Venstre på det økonomiske område førte en god politik i den tidligere regering, og ordføreren svarede fru Jane Heitmann, at ordføreren gerne ville lave flere reformer, så jeg vil bare høre, hvad det er for nogle reformer, som ordføreren tænker på. LINEBREAK ","52","20181M037_2018-12-14_1000","ORIGINAL","2751"
"13:57","May-Britt Kattrup (LA):","Det er fair nok. Jeg kender ikke rapporten, men hvad siger rapporten, og hvad mener fru Lisbeth Bech Poulsen så, der skal til på markedet? Når der er omkring 96 forskellige banker på markedet, hvad er det så, der skal til for at skabe nok konkurrence? LINEBREAK ","46","20181M088_2019-04-25_1000","ORIGINAL","3222"
"20:45","May-Britt Kattrup (LA):","Liberal Alliances ordfører. (Karina Adsbøl (DF): Undskyld!) Jamen det er helt okay. Liberal Alliances ordfører har fået det indtryk, at kulegravningen er en del af regeringens sammenhængsreform, og at de to ting arbejder sammen. Det er derfor, jeg gerne vil afvente resultatet af det arbejde. LINEBREAK ","45","20181M088_2019-04-25_1000","ORIGINAL","3237"
"13:12","May-Britt Kattrup (LA):","I de overenskomstforhandlinger, der kører nu, er der sat nogle rammer, og de rammer skal vi som folketingspolitikere ikke gå ind og blande os i, efter de er sat og forhandlingerne kører. Derfor vil jeg ikke gå mere ind i sagen. LINEBREAK ","41","20171M074_2018-03-23_1000","ORIGINAL","2094"
"13:14","May-Britt Kattrup (LA):","Tak for det. Jeg vil spørge ordføreren, om han har så meget mindre tro eller tillid til danske borgere end til svenske og norske borgere, når vi nu har set, at der har været selvvalg i både Sverige og Norge i mange år, uden at der har været de store problemer med patientsikkerhed, overforbrug eller forkert forbrug. LINEBREAK ","57","20161M010_2016-10-27_1000","ORIGINAL","131"
"11:52","May-Britt Kattrup (LA):","Nu er det jo sådan, at der er blevet tilført kommunerne flere penge, og det må vi bare konstatere at der er, og jeg vil gerne bede ordføreren bekræfte det og så igen det om, at det er aftalt, at omprioriteringsbidraget på de 2 pct. bliver i kommunerne, selv om det bliver afskaffet fra næste år. LINEBREAK ","56","20171M030_2017-12-07_1000","ORIGINAL","1703"
"13:42","May-Britt Kattrup (LA):","Jeg tror aldrig, der er noget, der er perfekt, og noget, der ikke kan blive bedre. Jeg tror, at der er mange ting, der kan blive bedre på mange områder. Så det vil jeg aldrig sige. Jeg vil aldrig sige: Her er der ikke brug for noget som helst. LINEBREAK ","49","20171M030_2017-12-07_1000","ORIGINAL","1708"
"10:30","May-Britt Kattrup (LA):","Tak for det. Jeg vil spørge fru Trine Torp om noget, for jeg var ikke helt sikker på, at jeg forstod det: Var det et argument for større boksstørrelser, at de mennesker, som havde bygget større bokse, ikke skulle være til grin? Var det argumentet for at lave større boksstørrelser? LINEBREAK ","50","20161M015_2016-11-11_1000","ORIGINAL","186"
"10:47","May-Britt Kattrup (LA):","Tak for det. Jeg vil gerne spørge fru Stine Brix, hvordan det kan øge uligheden, at man giver alle patienter mulighed for skattefinansieret frit valg til selv at vælge en privat leverandør, altså at det ikke kun er dem, der har råd, men at det er alle, fordi det nu er skattefinansieret. Hvordan kan det øge uligheden? LINEBREAK ","57","20171M085_2018-04-19_1000","ORIGINAL","2178"
"19:42","May-Britt Kattrup (LA):","Nej, vi skal bestemt ikke blæse på lovbrud, og det har jeg allerede svaret på en gang. Gældende lovgivning skal overholdes, og det er detailhandelens ansvar at overholde den lovgivning, der er. Og lovgivningen siger, at man ikke må sælge cigaretter til børn og unge under 18 år. Og det er detailhandelens pligt at overholde den gældende lovgivning. LINEBREAK ","58","20171M070_2018-03-15_1000","ORIGINAL","2055"
"12:09","May-Britt Kattrup (LA):","Tak for det. Jeg vil gerne spørge, hvordan det kan være, at Enhedslisten altid taler om, at borgere skal overtage andre menneskers virksomheder. Hvis man har borgere, som gerne vil starte op selv og være selvstændige, hvorfor opfordrer hr. Pelle Dragsted dem så ikke til selv at starte en virksomhed? LINEBREAK ","50","20181M085_2019-04-12_1000","ORIGINAL","3192"
"15:45","May-Britt Kattrup (LA):","Det er jeg helt enig i, fuldstændig. Det gælder alt. Det skal altid være en individuel faglig vurdering, og som jeg også sagde før, skal man aldrig generalisere, og alle skal have en chance. Det vigtigste er da helt klart, at man går ind og laver en individuel faglig vurdering, bestemt. LINEBREAK ","51","20181M043_2019-01-10_1000","ORIGINAL","2795"
"10:51","May-Britt Kattrup (LA):","Jeg vil gerne høre ordføreren, om ordføreren virkelig mener, at det er lægerne, der er de egentlige syndere. Altså, for mig er de egentlige syndere de mænd og de kulturer, som tvinger de her kvinder til at få foretaget sådan nogle indgreb. LINEBREAK ","42","20181M060_2019-02-08_1000","ORIGINAL","2925"
"16:38","May-Britt Kattrup (LA):","Ja, det er ved at blive en vane, og det må I undskylde, men De Konservative har desværre ikke haft mulighed for at være til stede i dag, og jeg skulle hilse fra dem og sige, at de heller ikke støtter beslutningsforslag nr. B 118. Tak. LINEBREAK ","46","20161M098_2017-05-17_1300","ORIGINAL","1267"
"14:09","May-Britt Kattrup (LA):","Tak for det. Jeg ville spørge, om hr. Roger Courage Matthisen virkelig mener, at ordføreren har en fordel, fordi ordføreren er mand, eller om det var en fortalelse. Og hvis det ikke var en fortalelse, men ordføreren mener, at ordføreren har en fordel, hvori består så den fordel? LINEBREAK ","48","20181M073_2019-03-19_1300","ORIGINAL","3079"
"18:16","May-Britt Kattrup (LA):","Jeg tror også, jeg vil lægge min tale lidt til side, for der er jo ikke så meget andet at sige, end at det her er ganske fornuftigt – at vi ønsker at sikre borgerne i en situation, hvis det forfærdelige skulle ske, at Danmark bliver udsat for et terrorangreb. Så i Liberal Alliance støtter vi også forslaget. LINEBREAK ","58","20181M061_2019-02-19_1300","ORIGINAL","2955"
"12:44","May-Britt Kattrup (LA):","Set i lyset af, at man har effektiviseret for endnu mere, end der var aftalt, kan det bare undre, at det bliver gjort til sådan et kæmpe problem, at man har aftalt, at der skulle effektiviseres for 2 pct. Hvordan hænger det ligesom sammen i ordførerens optik? LINEBREAK ","47","20161M055_2017-02-03_1000","ORIGINAL","616"
"13:43","Henrik Dahl (LA):","Det skal forstås sådan, at hvis vi er det land i OECD, der bruger den største procentdel af sit BNP på offentlig service af den ene eller anden slags, så burde vi jo rent logisk være nummer et på alle områder. Det er vi ikke. Ergo er der ikke nogen nødvendig sammenhæng mellem pris og kvalitet. LINEBREAK ","56","20171M034_2017-12-14_1000","ORIGINAL","1768"
"11:04","Henrik Dahl (LA):","Den rolle, som man spiller, er, at man observerer og melder, hvad man ser, og det synes jeg er vigtigt. Og selv om det ikke er et militært virkemiddel, tror jeg faktisk, at det har en betydning, at det er søværnets inspektionsskibe, som står for opgaven. LINEBREAK ","46","20171M010_2017-10-26_1000","ORIGINAL","1540"
"10:45","Henrik Dahl (LA):","Det kan man jo have forskellige holdninger til. Jeg synes faktisk ikke, det er rimeligt, at myndighederne tvinger mindre virksomheder til at udlåne 20.000 kr. rentefrit. Det er bare et spørgsmål om forskel i holdninger. Det synes jeg ikke er rimeligt. LINEBREAK ","41","20181M033_2018-12-07_1000","ORIGINAL","2697"
"11:20","Henrik Dahl (LA):","Det er en fuldstændig objektiv kendsgerning, at når det gælder personer med ikkevestlig baggrund, både hvad angår piger og drenge, så præsterer de ret langt under danske piger og drenge, og derfor ville det, hvad enten man kan lide verden, sådan som den er indrettet, eller ej, bidrage til at løse problemet. LINEBREAK ","52","20181M029_2018-11-30_1000","ORIGINAL","2668"
"13:18","Henrik Dahl (LA):","Altså, der er jo overhovedet ikke nogen tvivl om, hvor den her sag står moralsk, men det er jo som regel sådan, at blot der er en fare for en eller anden form for procesrisiko i forhold til f.eks. EU, vælger man i regeringen at gå med livrem og seler og sikkerhedssko og beskyttelseshjelm, og derfor gør vi det ikke. LINEBREAK ","60","20171M063_2018-02-23_1000","ORIGINAL","1990"
"16:05","Henrik Dahl (LA):","Jamen når nu den førte politik var så ualmindelig ringe, som fru Lotte Rod siger, ville det da være nærliggende at komme med sin egen økonomiske politik. Men i stedet for overtog man VK-regeringens økonomiske politik i bredeste forstand. Det er altså meget, meget svært at forstå inden for rammerne af en saglig debat. LINEBREAK ","54","20181M016_2018-11-08_1000","ORIGINAL","2579"
"15:25","Henrik Dahl (LA):","Så det, ordføreren kalder privilegier, er altså konsekvensen af ting, man selv gør. Det vil sige, at det er konsekvensen af, at man selv har båret sig fornuftigt ad, som ordføreren opfatter som privilegier. Men det ændrer jo ikke ved spørgsmålet: Hvorfor skal der destrueres kapital i forbindelse med f.eks. et dødsfald i en familieejet virksomhed? LINEBREAK ","56","20161M078_2017-04-04_1300","ORIGINAL","975"
"13:45","Henrik Dahl (LA):","Vores forskning havde et stort set lige så højt niveau før globaliseringsaftalen, men der er blevet flere forskere, der har et højt niveau. Og det kan man selvfølgelig se. Men selve forskningsniveauet har altså ikke lidt under de beslutninger, der er taget. LINEBREAK ","42","20171M034_2017-12-14_1000","ORIGINAL","1769"
"13:20","Henrik Dahl (LA):","Jeg formoder, at ordføreren er bekendt med Rockwoolfondens nylige, meget grundige undersøgelse af USA og Danmark, hvoraf det fremgår, at den danske SU tilsyneladende ikke har nogen som helst virkning i retning af at bryde den sociale mobilitet, hvis man sammenligner med USA. Hvad er ordførerens kommentar til det? LINEBREAK ","49","20161M063_2017-02-24_1000","ORIGINAL","741"
"16:27","Henrik Dahl (LA):","Bare for at sikre mig, at jeg har forstået kommentaren rigtigt, er det så sådan, at der vil være behov for en eller anden form for en ubureaukratisk fritid eller en udjøfiseret fritid, fordi en bureaukratisk eller en djøforienteret fritid er meget sørgelig? LINEBREAK ","43","20181M088_2019-04-25_1000","ORIGINAL","3228"
"17:44","Henrik Dahl (LA):","Jeg skal bare forstå, om hr. Kenneth Kristensen Berth ser sådan på det, at når man ser på balancen imellem arbejdskraftens fri bevægelighed og den kæmpestore sejr for lønmodtagerne, som hele metrosagen var, som hr. Karsten Hønge nævnede, er det så en falliterklæring for balancen imellem lønmodtagerrettigheder og den frie bevægelighed – er det en falliterklæring? LINEBREAK ","56","20181M083_2019-04-09_1300","ORIGINAL","3165"
"16:47","Henrik Dahl (LA):","Jeg kan ikke sige andet, end at jeg har forstået det sådan, at EU-Domstolen simpelt hen havde et andet synspunkt end det, som hr. Finn Sørensen repræsenterer, nemlig at den svenske arbejdsmarkedsmodel var så ikketransparent, at det var en form for handelshindring. Man kunne ikke opretholde det system, og så måtte man gøre det svenske arbejdsmarked mere transparent. LINEBREAK ","58","20181M083_2019-04-09_1300","ORIGINAL","3162"
"12:07","Henrik Dahl (LA):","Vi har desværre kun 13 mandater, så vi skal jo medvirke til det sammen med nogle andre. Men nu er der jo så i hvert fald givet en motivation til, at vi forhandler hurtigt og effektivt, sådan at vi måske kan komme i mål med den tidsplan, som der er forudset i forslaget. LINEBREAK ","53","20161M067_2017-03-03_1000","ORIGINAL","815"
"14:08","Henrik Dahl (LA):","Det, jeg siger nu, siger jeg ikke for at være polemisk, men jeg ved ikke, om der er en korrelation eller en kausalitet her. Jeg ved ikke, hvad der eventuelt også kan være blevet sagt uden for journalisters hørevidde ud over de her økonomiske tiltag. LINEBREAK ","45","20181M086_2019-04-23_1300","ORIGINAL","3207"
"11:49","Henrik Dahl (LA):","Det skal forstås sådan, at jeg synes, at universiteternes selvstyre er vigtigt, men der er ingen forskningsminister, der ville få vrøvl med mig, hvis hun eller han anlagde en aktivistisk linje og spurgte bestyrelserne, om de her latterlige navne var strengt nødvendige, når navneforslagene bliver indsendt. LINEBREAK ","46","20171M051_2018-01-26_1000","ORIGINAL","1910"
"17:58","Henrik Dahl (LA):","Altså, der har jeg bare forstået det sådan, at selv om det er rigtigt, at der finder en visitation sted, har den unge også en eller anden form for indflydelse på det og kan sige ja og nej, og dermed kan man jo ikke udelukke, at det også spiller en rolle. Man bliver jo ikke tvunget ind. LINEBREAK ","57","20161M026_2016-12-01_1000","ORIGINAL","350"
"17:00","Henrik Dahl (LA):","Udenrigsministeren nåede at komme mig i forkøbet, efter jeg havde trykket mig ind, men jeg vil stille spørgsmålet alligevel. Ligger der i Udenrigsministeriets arkiv nogen oplysninger, der kan belyse, hvorfor ratifikationsprocessen ikke blev sat i værk, mens hr. Holger K. Nielsen var udenrigsminister? LINEBREAK ","43","20161M073_2017-03-24_1000","ORIGINAL","922"
"13:16","Henrik Dahl (LA):","Grunden til, at vi i Liberal Alliance har et system med ordførere, er at sikre, at de enkelte MF'er er sådan nogenlunde godt inde i sagerne, inden de udtaler sig om dem. Så hvad folk, der ikke er ordførere, har lyst til at sige, må stå for deres egen regning. Den, der tegner partiet i de her spørgsmål, er mig. LINEBREAK ","60","20171M063_2018-02-23_1000","ORIGINAL","1989"
"15:59","Henrik Dahl (LA):","Men jeg hører ikke, at hr. Christian Langballe og jeg intellektuelt set er uenige. Der er måske snarere en diskussion om den politiske vej fremad, og det vil jeg meget, meget gerne diskutere. Tiden og stedet er nok ikke det rigtige, men rent intellektuelt tror jeg at vi er tæt på at være enige. LINEBREAK ","54","20171M066_2018-03-01_1000","ORIGINAL","2011"
"16:04","Henrik Dahl (LA):","Tak for talen. Jeg har bare et opklarende spørgsmål, som sikkert er nemt at svare på. Det er: Hvorfor tvang Radikale Venstre i 2011 sine samarbejdspartnere S og SF til at overtage, og jeg citerer »VK-regeringens økonomiske politik i bredeste forstand«, hvis den var så dårligt, som fru Lotte Rod lige har sagt? LINEBREAK ","53","20181M016_2018-11-08_1000","ORIGINAL","2578"
"15:39","Udlændinge- og integrationsministeren (Inger Støjberg):","Altså, man må sige, at det ikke er så tit, at jeg står og er fuldstændig rørende enig med en radikal, men det sker så i dag. Jeg er fuldstændig enig i det, der bliver sagt. Så lad det her på en eller anden måde være en mærkedag. Jeg mener bestemt også, at der er rigeligt med bureaukrati. LINEBREAK ","58","20161M102_2017-05-24_1300","ORIGINAL","1357"
"16:34","Udlændinge- og integrationsministeren (Inger Støjberg):","Det synes jeg da vi skal overveje. Det er altid en overvejelse værd, hvordan vi gør det her bedre, fordi vi vil helt tydeligvis det samme sted hen, og så er det da bare et spørgsmål om at lade sig inspirere af hinanden. LINEBREAK ","43","20181M031_2018-12-05_1000","ORIGINAL","2683"
"14:13","Udlændinge- og integrationsministeren (Inger Støjberg):","Jeg kan garantere for, at jeg vil følge det skarpt, og jeg forstår udmærket godt den problemstilling, hr. Henrik Brodersen rejser her. Og jeg vil sige det så klart, at jeg mener, det er nødvendigt fortsat at have en stram udlændingepolitik i Danmark, og jeg nyder også at føre den sammen med Dansk Folkeparti. LINEBREAK ","54","20161M102_2017-05-24_1300","ORIGINAL","1345"
"17:16","Udlændinge- og integrationsministeren (Inger Støjberg):","Ja, det gør vi jo, men det skal være under skyldig hensyntagen til, at vi også skal kunne følge med, og det må man sige at det kniber med, med det antal af flygtninge og asylansøgere generelt, som vi har set er kommet til Danmark i de tidligere år. LINEBREAK ","49","20161M030_2016-12-06_1330","ORIGINAL","384"
"10:49","Udlændinge- og integrationsministeren (Inger Støjberg):","Altså, jeg kan sige, at vi jo styrker mulighederne for at repatriere nu, og det gør vi for alle flygtningegrupper, bl.a. også syrere. Men det er jo naturligvis også sådan, at jeg ikke fra Folketingets talerstol kan stå og fortælle om, hvilke kontakter der eventuelt måtte være med andre lande. LINEBREAK ","50","20181M036_2018-12-13_1000","ORIGINAL","2730"
"15:18","Udlændinge- og integrationsministeren (Inger Støjberg):","Altså, jeg kan sådan set bare gentage mit svar til hr. Martin Henriksen. Og jeg vil sige, at hvis man indførte det beslutningsforslag, som er fremsat her fra Dansk Folkepartis side, så er vi ude af Dublinsamarbejdet, og det mener jeg ganske enkelt ikke er ønskværdigt for Danmark. LINEBREAK ","48","20161M072_2017-03-23_1000","ORIGINAL","907"
"14:23","Udlændinge- og integrationsministeren (Inger Støjberg):","En af de ting, der jo nu skal lægges anderledes vægt på, er, hvornår børns egen tilknytning til Danmark begynder at tælle. Det er jo en ændring, og det ved jeg ikke om hr. Mattias Tesfaye fuldstændig har overset, men det er der jo noget der tyder på. LINEBREAK ","48","20181M036_2018-12-13_1000","ORIGINAL","2739"
"14:38","Udlændinge- og integrationsministeren (Inger Støjberg):","Jamen prøv at høre her, hr. Nikolaj Villumsen. Jeg tror, at den debat havde vi allerede, da vi første gang havde det her lovforslag på bordet, og hvor Enhedslisten også var imod. Altså, der er jo ikke noget nyt i, at Enhedslisten er imod, og jeg vil nu i øvrigt bare henvise til lovforslaget, hvor det er beskrevet. LINEBREAK ","58","20171M080_2018-04-11_1300","ORIGINAL","2136"
"16:56","Udlændinge- og integrationsministeren (Inger Støjberg):","Altså, jeg tror rettelig, at det må være et spørgsmål, der skal rettes til udenrigsministeren. Jeg kan sige, at jeg ikke selv har haft møder med tyrkiske ministre eller repræsentanter. Jeg har i hvert fald ikke selv haft mulighed for at rejse problematikken, men jeg tror, at det må henhøre under udenrigsministeren. LINEBREAK ","52","20181M031_2018-12-05_1000","ORIGINAL","2685"
"13:33","Udlændinge- og integrationsministeren (Inger Støjberg):","Som jeg sagde tidligere, kan man godt leve og bo i Danmark uden at kunne svømme. Det er en kæmpestor fordel at kunne svømme, men man kan ikke med mening leve og bo her, hvis ikke man forstår, hvad ligestilling er. Og ligestilling er også, at vi svømmer sammen på tværs af køn og alder. LINEBREAK ","55","20161M098_2017-05-17_1300","ORIGINAL","1255"
"15:03","Udlændinge- og integrationsministeren (Inger Støjberg):","Som jeg allerede sagde først i mine svar her, er vi ikke i gang med at lave særaftaler, som kan give udlændinge fra afrikanske lande lettere adgang til at få opholdstilladelse i Danmark. Men det har jeg jo allerede sagt, så der er svaret: Nej, vi er ikke i gang med at lave nogen særaftaler. LINEBREAK ","55","20161M069_2017-03-15_1300","ORIGINAL","849"
"14:18","Udlændinge- og integrationsministeren (Inger Støjberg):","Mig bekendt er der ikke blevet spurgt ind til det i nogle af de her sager. Men når det er sagt, er der jo ingen tvivl om, at vi fra regeringens side ønsker en meget stram udlændingepolitik, også når det handler om familiesammenførte, der kommer hertil. LINEBREAK ","46","20181M088_2019-04-25_1000","ORIGINAL","3223"
"13:46","Udlændinge- og integrationsministeren (Inger Støjberg):","Den sidste del af spørgsmålet behøver jeg så ikke at svare på, for den første del af spørgsmålet vil jeg svare sådan her på: Vi har grænsekontrol til Tyskland, og det har vi, fordi der ikke er styr på de ydre grænser til Europa. LINEBREAK ","44","20161M098_2017-05-17_1300","ORIGINAL","1256"
"18:35","Udlændinge- og integrationsministeren (Inger Støjberg):","I så fald må man da i hvert fald sige, at den kulturelle udveksling har virket fuldstændig, for så er det da også, fordi de har kendskab til det danske system, og fordi der rent faktisk er steder, man kan gå hen og få hjælp. LINEBREAK ","45","20171M093_2018-05-08_1300","ORIGINAL","2258"
"09:41","Udlændinge- og integrationsministeren (Inger Støjberg):","Jamen det er det også. Men i det ligger der jo også, at man selvfølgelig med respekt takker for det statsborgerskab, som man har fået. Men det er fuldstændig rigtigt, at det jo er en forudsætning for at få dansk statsborgerskab, at man giver hånd. Det er først i det øjeblik, håndtrykket falder, at man bliver dansk statsborger. LINEBREAK ","58","20181M040_2018-12-20_0900","ORIGINAL","2780"
"15:11","Udlændinge- og integrationsministeren (Inger Støjberg):","Det kan ikke siges mere klart, end at det præcis er målsætningen. Jeg er fuldstændig enig med Socialdemokratiet og dermed også med hr. Christian Rabjerg Madsen i, at vi skal udvise så mange som overhovedet muligt, når det handler om kriminelle udlændinge. LINEBREAK ","42","20171M069_2018-03-14_1300","ORIGINAL","2043"
"13:20","Udlændinge- og integrationsministeren (Inger Støjberg):","Der er jo ingen tvivl om, at sagsbehandlingstiderne skal ned, men man bliver jo nok også nødt til at se det i lyset af det store antal af asylansøgere, som vi jo så i 2014 og 2015. Nu har vi så set en markant nedgang i 2016, og det må alt andet lige lette opgaverne i nævnet. LINEBREAK ","57","20161M042_2017-01-12_1000","ORIGINAL","505"
"13:33","Udlændinge- og integrationsministeren (Inger Støjberg):","Jeg tror heller ikke, at vi har brug for flere kurser og tiltag over for unge for at få dem væk fra gaden på den måde. Jeg tror, vi har brug for en fast hånd, og så skal de have en uddannelse og et arbejde, og så er det det, de må gå op i, og ikke alt muligt andet. LINEBREAK ","60","20171M015_2017-11-08_1300","ORIGINAL","1580"
"17:41","Udlændinge- og integrationsministeren (Inger Støjberg):","Vores udgangspunkt er, at flygtninge skal arbejde og de skal forsørge sig selv, mens de er i Danmark. Men det ændrer jo så ikke på, at når forholdene i flygtningenes hjemlande tillader det, skal de selvfølgelig rejse hjem igen, og det skal de, fordi de skal genopbygge deres land. LINEBREAK ","49","20171M093_2018-05-08_1300","ORIGINAL","2257"
"17:22","Udlændinge- og integrationsministeren (Inger Støjberg):","Det er klart, at jeg læner mig op ad den juridiske vejledning, jeg får i ministeriet. Dermed er svaret nej. Jeg mener, at vi har dygtige jurister, både i vort eget ministerium, lige så vel som jeg mener, vi har det i Justitsministeriet. LINEBREAK ","43","20161M075_2017-03-29_1300","ORIGINAL","952"
"13:37","Transport-, bygnings- og boligministeren (Ole Birk Olesen):","Jeg må nok give et skriftligt svar på det her. Jeg har i min læsning af lovforslaget og tilhørende materiale haft fokus på, at det handler om udefrakommende angreb på de her systemer og ikke om at dele data om rejsende. LINEBREAK ","41","20171M060_2018-02-20_1000","ORIGINAL","1965"
"15:56","Transport-, bygnings- og boligministeren (Ole Birk Olesen):","Det er i hvert fald på dagsordenen, og det synes jeg ville være naturligt, også fordi afgiften på diesel i dag er lavere end afgiften på el. Det ville så være naturligt at drøfte det som opfølgning på aftalen om indfasning af afgifter for elbiler. Og det forstår jeg er planen at gøre, og det foregår jo ovre hos skatteministeren. LINEBREAK ","60","20161M057_2017-02-08_1300","ORIGINAL","650"
"14:07","Transport-, bygnings- og boligministeren (Ole Birk Olesen):","Heldigvis behøver vi ikke så meget tålmodighed her. Det er i foråret, at det arbejde med at finde penge i en 2025-plan bliver færdiggjort, og når det arbejde så er gjort, håber jeg, at vi kan gå i gang med også at skitsere, hvilke trafikinvesteringer vi vil foretage i de kommende år. LINEBREAK ","52","20161M082_2017-04-19_1300","ORIGINAL","1044"
"14:00","Transport-, bygnings- og boligministeren (Ole Birk Olesen):","Det ville være rigtig godt, hvis vi kunne få nye redskaber til overholdelse af al mulig lovgivning i Danmark, herunder også den lovgivning, der handler om, hvornår man er legal arbejdskraft i Danmark. Så hvis man kan få nogle nye redskaber der, som virker, som ikke bare er en paradeforestilling om, at nu gør vi noget, ville det være godt. LINEBREAK ","60","20161M082_2017-04-19_1300","ORIGINAL","1042"
"14:09","Transport-, bygnings- og boligministeren (Ole Birk Olesen):","Jeg synes, at Park & Ride er en rigtig, rigtig god idé, og når hr. Rasmus Prehn stiller et skriftligt spørgsmål til mundtlig besvarelse om mit generelle indtryk af Park & Ride og de generelle ting, som er igangsat på området, svarer jeg gerne på det. LINEBREAK ","46","20171M069_2018-03-14_1300","ORIGINAL","2041"
"16:28","Transport-, bygnings- og boligministeren (Ole Birk Olesen):","Jamen så siger jeg også tak. Det er sjældent, man får så fine ord fra en Enhedslisteordfører, som jeg gør her, når man er liberal. Når man er fra Liberal Alliance, er det sjældent, man får så fine ord fra Enhedslisten. Så det er jeg glad for. LINEBREAK ","47","20161M086_2017-04-26_1300","ORIGINAL","1084"
"14:41","Transport-, bygnings- og boligministeren (Ole Birk Olesen):","Altså, en tilgang kunne være, at der simpelt hen er en differentieret kommunal finansiering, afhængigt af om man beslutter, om det skal være store eller små boliger. Men jeg vil ikke her fortælle, hvad der foregår i de forhandlinger – som jeg i øvrigt ikke deltager i. Det er jo finansministeren, der fører de forhandlinger. LINEBREAK ","55","20161M098_2017-05-17_1300","ORIGINAL","1262"
"18:51","Transport-, bygnings- og boligministeren (Ole Birk Olesen):","Det ville jeg ønske at jeg kunne, for det lyder, som om hr. Peter Kofod Poulsen har helt styr på det, at det er sådan, der er. Men jeg ved det ærlig talt ikke. Jeg skal dykke ned i nogle papirer, jeg ikke har med her på talerstolen. LINEBREAK ","48","20161M102_2017-05-24_1300","ORIGINAL","1364"
"14:15","Transport-, bygnings- og boligministeren (Ole Birk Olesen):","Jeg kan ikke lovligt træffe beslutninger om, at vi skal anvende ekspropriationsregler i sager, der har med forlodsovertagelse at gøre. Hvis det er det, fru Julie Skovsby beder mig om, så må jeg bare svare, at det tillader loven mig ikke. LINEBREAK ","41","20171M005_2017-10-11_1300","ORIGINAL","1479"
"16:47","Transport-, bygnings- og boligministeren (Ole Birk Olesen):","Det kan bestemt godt være, at vi skal sende et hyrdebrev ud til kommunerne, hvor vi gør opmærksom på, at det faktisk er dem som ejere af f.eks. svømmehaller, der har ansvaret for, at der ikke trives legionellabakterier i deres varmtvandssystemer. Det kan sagtens være, at vi skal gøre det. LINEBREAK ","50","20171M096_2018-05-16_1300","ORIGINAL","2304"
"13:51","Transport-, bygnings- og boligministeren (Ole Birk Olesen):","Nej, men jeg kan supplere med den oplysning, at det ikke er sådan, at virksomhedens loft absolut er på 60.000 kr. Hvis man har tre chauffører, der overtræder loven, kan det blive 3 gange 60.000, altså 180.000 kr., så det er nogle ganske betydelige bøder, som virksomhederne kan udsættes for. LINEBREAK ","50","20161M076_2017-03-30_1000","ORIGINAL","963"
"21:00","Transport-, bygnings- og boligministeren (Ole Birk Olesen):","Jamen det, der er tilfældet, er, at et generelt forbud mod parkering i yderrabatten bliver erstattet af, at den pågældende vejmyndighed kan etablere et parkeringsforbud, hvis der er forskellige forhold, der taler for det, og det kan f.eks. være særlige trafiksikkerhedsmæssige hensyn, der kan tale for det. LINEBREAK ","47","20161M068_2017-03-14_1300","ORIGINAL","834"
"15:29","Transport-, bygnings- og boligministeren (Ole Birk Olesen):","Men det vil jeg gerne forpligte mig på – det er i forvejen min politik at forsøge at gøre det. I det hele taget må vi sige, at selve ideen med, at man samler alle med boligsociale problemer i bestemte boligområder, som er en idé, der i høj grad er undfanget af Socialdemokratiet, har vist sig at spille fallit. LINEBREAK ","59","20161M091_2017-05-03_1300","ORIGINAL","1142"
"15:27","Transport-, bygnings- og boligministeren (Ole Birk Olesen):","Nu ved jeg ikke, hvorfor hr. Roger Matthisen kaldte det økonomiske hensyn. Det er mobilitetshensyn. De kan gøres op i økonomi, men de kan også gøres op i en oplevelse af at kunne være med i samfundet, at kunne deltage i samfundet, og det er ikke snæver økonomi. Det er velvære, velfærd, velfærdsgevinster. LINEBREAK ","53","20181M084_2019-04-10_1300","ORIGINAL","3182"
"13:52","Transport-, bygnings- og boligministeren (Ole Birk Olesen):","Det bør der selvfølgelig være noget kontrol med. Det hører desværre ikke under mit resort, men under Skatteministeriets ressort, fordi det er dem, der opkræver både told og moms og afgifter osv. Men selvfølgelig skal der være en kontrol, og det er jeg også sikker på der er. LINEBREAK ","48","20181M019_2018-11-14_1300","ORIGINAL","2604"
"13:36","Transport-, bygnings- og boligministeren (Ole Birk Olesen):","Jamen igen: Lovforslagets formål er ikke at benytte data på rejsende. Lovforslagets formål er at sikre imod cyberangreb på informationssystemer i transportsektoren. Altså, det handler ikke om, hvem der er gået ind i og ud af Københavns Lufthavn. Det handler om, om der er cyberangreb på Københavns Lufthavns it-systemer, og det er jo noget ganske andet. LINEBREAK ","56","20171M060_2018-02-20_1000","ORIGINAL","1964"
"14:15","Transport-, bygnings- og boligministeren (Ole Birk Olesen):","Det, jeg kan sige, er, at Frederikshavns Kommune har vurderet det til at koste mellem 60 og 80 mio. kr., mens Vejdirektoratet i et anlægsoverslag for tre forskellige løsninger har beregnet omkostningerne til henholdsvis 115 mio. kr., 150 mio. kr. og 230 mio. kr. LINEBREAK ","44","20171M065_2018-02-28_1300","ORIGINAL","2003"
"15:13","Transport-, bygnings- og boligministeren (Ole Birk Olesen):","Jeg forventer altid af medarbejderne i mit ministerium og de tilknyttede styrelser, at de er meget åbne over for forskellige alternativer i forhold til både at kunne vælge noget, der måtte være bedre, men også nogle gange noget, der er billigere uden at være dårligere. Så det kan jeg fuldt ud bekræfte. LINEBREAK ","52","20161M102_2017-05-24_1300","ORIGINAL","1355"
"15:07","Transport-, bygnings- og boligministeren (Ole Birk Olesen):","Det er jeg enig med hr. Magnus Heunicke i. Derfor vil jeg også bede mit ministerium om at undersøge, om man i Tyskland i forlængelse af de højere bøder har fundet en mulighed for faktisk at håndhæve det forbud, der er på området, så bøderne kan blive uddelt. LINEBREAK ","48","20161M091_2017-05-03_1300","ORIGINAL","1138"
"17:36","Transport-, bygnings- og boligministeren (Ole Birk Olesen):","Jeg har ikke set noget i den luftfartsstrategi, som jeg har fået overdraget af den tidligere minister på området, som jeg ikke kan bakke op om. Så der kan jeg betrygge hr. Rasmus Prehn med, at tingene er i de bedste hænder. LINEBREAK ","42","20161M031_2016-12-07_1300","ORIGINAL","415"
"13:50","Udenrigsministeren (Anders Samuelsen):","Der bliver fulgt op løbende fra Kommissionens side og fra de embedsmandsudvalg, som der er, og det er vigtigt, at der bliver fulgt op. Det gør vi også fra dansk side igennem den dialog, som vi løbende har, når jeg f.eks. mødes med den tyrkiske udenrigsminister. Så der bliver fulgt op på rigtig mange områder. LINEBREAK ","55","20171M105_2018-05-31_1000","ORIGINAL","2391"
"15:42","Udenrigsministeren (Anders Samuelsen):","Nej, det var en misforståelse. Det er ikke, sådan som jeg erindrer, tilfældet, men jeg skal gerne gå tilbage og søge i dokumenter og sende svar over til Folketinget. Men det, jeg siger, er bare, at selvfølgelig er kvotesystemet et emne, som berøres. LINEBREAK ","43","20171M036_2017-12-19_1000","ORIGINAL","1799"
"13:18","Udenrigsministeren (Anders Samuelsen):","Som sagt har jeg tillid til det spanske retsvæsen, indtil det modsatte skulle være bevist, og det er egentlig, hvad jeg har at sige til det. Jeg mener, at vi generelt om den her konflikt taler om et internt spansk anliggende, og at det skal løses i henhold til den spanske forfatning. LINEBREAK ","52","20181M005_2018-10-10_1000","ORIGINAL","2453"
"10:26","Udenrigsministeren (Anders Samuelsen):","Nej, det er ikke regeringens udgangspunkt, at vi vil støtte det forslag. Vores udgangspunkt er at fastholde og udvide presset mod Tyrkiet for at få dem til at ændre kurs, og det mener vi ikke at man gør med suspension. LINEBREAK ","40","20161M033_2016-12-08_1000","ORIGINAL","424"
"19:15","Udenrigsministeren (Anders Samuelsen):","Hvordan vi præcis lander formuleringerne i Københavnererklæringen synes jeg er for tidligt at gå ind på. Der foregår nogle forhandlinger på nuværende tidspunkt, men bare lige for at understrege: Vi har selvfølgelig ingen ambitioner om at ende i en situation, hvor vi kommer til at forringe ytringsfrihedsrettighederne. LINEBREAK ","47","20171M075_2018-04-03_1300","ORIGINAL","2104"
"13:31","Udenrigsministeren (Anders Samuelsen):","Det er vi jo ikke i stand til at blive uenige om, for det er da ganske forfærdeligt. Generelt er det utrolig trist og deprimerende at se på, at vi ikke kommer nærmere en løsning på konflikten. For nu at ende et eller andet sted i samdrægtighed tror jeg, vi kan være enige om at beklage det. LINEBREAK ","57","20161M053_2017-02-01_1300","ORIGINAL","583"
"13:30","Udenrigsministeren (Anders Samuelsen):","Den saudiske ambassadør var jo faktisk i dag på besøg i mit ministerium, og en af de ting, som vi gjorde opmærksom på, er selvfølgelig, at det er fuldstændig uacceptabelt, hvad vi har oplevet at være været vidner til i forhold til det saudiske konsulat i Tyrkiet. Og dermed har jeg også svaret på spørgsmålet. LINEBREAK ","55","20181M009_2018-10-24_1000","ORIGINAL","2502"
"10:59","Udenrigsministeren (Anders Samuelsen):","Der er ikke med det her forslag ændret noget, i forhold til hvad der har været vurderet som sikre lande før og hvad der vurderes at være sikre lande fremover. Så det, der har gjaldt for Tyrkiet hidtil, gælder selvfølgelig også fremover. LINEBREAK ","42","20171M036_2017-12-19_1000","ORIGINAL","1786"
"15:46","Udenrigsministeren (Anders Samuelsen):","Til det første spørgsmål: Medmindre jeg er blevet fuldstændig misinformeret, vil jeg sige, at sådan som jeg er blevet informeret – jeg tror ikke, at jeg er misinformeret – er svaret selvfølgelig, at nej, vi er ikke det eneste land. Til det andet spørgsmål er svaret selvfølgelig det samme. LINEBREAK ","49","20171M036_2017-12-19_1000","ORIGINAL","1800"
"17:59","Udenrigsministeren (Anders Samuelsen):","Altså, jeg mener ikke, at jeg på den måde har understreget noget om, at det er et nybrud eller noget som helst andet. Jeg påpegede faktisk det omvendte, nemlig at vi i årtier har indgået handelsaftaler, bilaterale og multilaterale, hvoraf ingen har været bragt til folkeafstemning i Danmark. Det var faktisk det, som jeg lagde vægt på i min besvarelse. LINEBREAK ","60","20161M090_2017-05-02_1300","ORIGINAL","1119"
"10:19","Udenrigsministeren (Anders Samuelsen):","Vi vil arbejde for så stor en grad af neutralitet i de støtteordninger, som gives, som muligt. Det mener jeg er den eneste rigtige måde – det er en rigtig liberal måde – at have en tilgang til det her spørgsmål på. LINEBREAK ","42","20181M051_2019-01-24_1000","ORIGINAL","2847"
"16:31","Udenrigsministeren (Anders Samuelsen):","Nej, det tror jeg egentlig ikke at jeg vil, i den forstand at det jo tilsyneladende er blevet Dansk Folkepartis mål at få Danmark meldt ud af EU, og der står vi ikke, og det har vi egentlig heller aldrig gjort i Liberal Alliance. LINEBREAK ","44","20161M073_2017-03-24_1000","ORIGINAL","917"
"13:20","Udenrigsministeren (Anders Samuelsen):","Altså, de formelle rammer er som regel ret klare. For FN's Menneskerettighedsråds vedkommende, slår den resolution, der blev etableret af rådet i 2006, nemlig fast, at medlemsstaterne både skal tage højde for kandidaternes bidrag til fremme og beskyttelse af menneskerettigheder og de frivillige valgløfter, de har afgivet. LINEBREAK ","47","20161M065_2017-03-01_1300","ORIGINAL","758"
"18:14","Udenrigsministeren (Anders Samuelsen):","Jeg mener, at ICS ovenikøbet er et fremskridt i forhold til de reguleringsmekanismer, som vi har kendt hidtil. Derudover kan det også undre mig, at LO vil gå ind og bakke op om den her aftale, hvis det er sådan, at den bekymring skulle være der, men det gør de jo faktisk. LINEBREAK ","52","20161M068_2017-03-14_1300","ORIGINAL","829"
"13:32","Udenrigsministeren (Anders Samuelsen):","Spørgeren konkluderer, præcis hvad spørgeren ønsker at konkludere. Jeg ønsker at forsvare Danmarks interesser som hele landets udenrigsminister. Jeg vil gøre det i et tæt og tillidsfuldt samarbejde, håber jeg, både med Folketingets partier, inkluderende Socialdemokratiet, men også i en tæt og konstruktiv dialog med amerikanerne. Det tror jeg svarer sig bedst for Danmark generelt. LINEBREAK ","55","20161M041_2017-01-11_1300","ORIGINAL","483"
"18:35","Udenrigsministeren (Anders Samuelsen):","Nej, det vil jeg selvfølgelig medgive. Det skulle forstås på en anden måde, nemlig, som jeg også sagde i forhold til TTIP, at jeg ikke anser den sag som lukket på nuværende tidspunkt. Den er taget af bordet, og så skal den på bordet igen, og så skal vi se, hvor det så lander. Det skal forstås på den måde. LINEBREAK ","60","20161M072_2017-03-23_1000","ORIGINAL","911"
"11:58","Udenrigsministeren (Anders Samuelsen):","Hr. Christian Juhl kan selv være fej. Altså, der kommer et folketingsvalg, og så har vælgerne i den grad mulighed for at tage stilling til, om det skal være Enhedslisten, der skal styre landet fremover, eller det f.eks. skal være Venstre, Konservative og Liberal Alliance, der skal gøre det. Den afstemning går jeg helt trygt i møde. LINEBREAK ","57","20161M106_2017-06-01_1000","ORIGINAL","1398"
"13:04","Udenrigsministeren (Anders Samuelsen):","Jeg vil egentlig gerne svare, men først bliver jeg næsten nødt til at få en afklaring. Altså, mener spørgeren, at det er helt afgørende nødvendigt, at det er Bruxelles, der tager sig af lovgivning om solcreme, eller mener spørgeren som jeg, at det kan man nok godt selv finde ud af i Italien? LINEBREAK ","53","20161M045_2017-01-18_1300","ORIGINAL","520"
"10:33","Udenrigsministeren (Anders Samuelsen):","Men det er jo netop det, der også er pointen med at fastholde forhandlingssporet, så vi har en mulighed for at fastholde krav, som skal opfyldes, før man kan nå frem til målstregen. Det er jo det, der er hele pointen, så vi deler synspunkt. LINEBREAK ","45","20161M033_2016-12-08_1000","ORIGINAL","426"
"15:22","Udenrigsministeren (Anders Samuelsen):","Altså, det er sådan, at når en fransk hangarskibsgruppe er ude at sejle, er den altid operativt indsat, men det er vi ikke. Og ønsker Frankrig at deltage i en operation, som vi ikke vil være med i, kan vi bare udtræde af hangarskibsgruppen. LINEBREAK ","44","20181M037_2018-12-14_1000","ORIGINAL","2754"
"10:21","Ældreministeren (Thyra Frank):","Jamen der er ingen tvivl om, at vi følger det her område, og hvis der viser sig nogle behov, går vi ind, præcis som vi har gjort inden for de sidste 4 år. Vi skal selvfølgelig følge det tæt, og vi skal selvfølgelig sørge for, at vi kan hjælpe de mennesker, der har brug for hjælp. LINEBREAK ","56","20181M037_2018-12-14_1000","ORIGINAL","2746"
"16:54","Ældreministeren (Thyra Frank):","Jeg er glad for, at der bl.a. også i vores nationale demenshandlingsplan er blevet afsat penge til et kompetenceløft, og jeg er overbevist om, at vi nok skal sørge for, at der er kvalificeret sygeplejepersonale til de her steder. Så det er jeg helt tryg ved. LINEBREAK ","46","20161M069_2017-03-15_1300","ORIGINAL","863"
"12:11","Ældreministeren (Thyra Frank):","Nu har vi sat den her undersøgelse i gang med konkurserne, og nu vil jeg gerne se, hvad vi får ud af den undersøgelse, og derefter vil jeg finde ud af, hvad vi kan gøre for at forebygge de konkurser. For selvfølgelig skal vi have gjort noget ved det problem. LINEBREAK ","50","20161M084_2017-04-21_1000","ORIGINAL","1058"
"23:02","Ældreministeren (Thyra Frank):","Jeg mener stadig væk, at det er kommunen, der er bedst til at tilrettelægge arbejdstiden. Der er altid plads til forbedring, og jeg håber også, at man som kommune vil se på, hvordan andre kommuner gør, og at man kan lære af hinanden, men jeg anerkender fuldstændig det kommunale selvstyre og vil ikke gå ind i det. LINEBREAK ","57","20161M097_2017-05-16_1300","ORIGINAL","1249"
"15:35","Ældreministeren (Thyra Frank):","Det er klart, at de skal overholde de her ting. Og skulle der være tvivl om, hvorvidt kommunerne overholder den her lovgivning, så er det det kommunale tilsyn under Ankestyrelsen, der påser, om loven bliver overholdt. Det kommunale tilsyn fører tilsyn med, at kommunerne og regionerne overholder den lovgivning, der særligt gælder for offentlige myndigheder. LINEBREAK ","55","20171M053_2018-01-31_1300","ORIGINAL","1926"
"16:16","Ældreministeren (Thyra Frank):","Jamen medicinhåndtering skal tilrettelægges sådan på det enkelte plejehjem, at det giver mening og sker inden for de regler og vejledninger, der er fastsat fra centralt hold. Ingen plejehjem er ens. Hvordan det nærmere skal ske, må tilpasses de lokale forhold og personalets kvalifikationer, uden at man selvfølgelig går på kompromis med patientsikkerheden. LINEBREAK ","53","20161M061_2017-02-22_1300","ORIGINAL","707"
"18:52","Ældreministeren (Thyra Frank):","Ja, det er der ingen tvivl om. Jeg er fuldstændig enig med spørgeren, og jeg synes, det er meget vigtigt, at vi netop får folk til bo det sted, som er bedst for dem selv. Vi må se på det enkelte menneske, også i visitationen. LINEBREAK ","45","20161M070_2017-03-21_1300","ORIGINAL","874"
"16:24","Ældreministeren (Thyra Frank):","Jamen tilsynets input er uvurderlige for et plejehjem, og friske øjne ser objektivt på alt det, som er dagligdag for de ansatte og borgerne. Jeg skulle selvfølgelig have sørget for, at de ting, tilsynet påpegede, blev rettet med det samme. Og det beklager jeg jeg ikke gjorde. LINEBREAK ","47","20161M065_2017-03-01_1300","ORIGINAL","779"
"16:25","Ældreministeren (Thyra Frank):","Som jeg sagde før, var det vores sundhedsfaglige vurdering, at det fungerede fint, at vores personale, som var sygeplejersker, selv doserede beboernes medicin. Så medicinhåndteringen skal tilrettelægges, så det på det enkelte plejehjem giver mening, og inden for de regler og vejledninger, der er fastsat fra centralt hold. LINEBREAK ","48","20161M061_2017-02-22_1300","ORIGINAL","713"
"16:14","Ældreministeren (Thyra Frank):","Det kan jeg sige nej til, det har han ikke. Men jeg er da meget glad for at se, at man har meddelt, at der vil være et nyt møde, et ekstraordinært møde, på mandag, så det kunne godt se ud, som om borgmesteren har besluttet sig til sammen med byrådet at tage sagen op igen. LINEBREAK ","56","20181M062_2019-02-20_1300","ORIGINAL","2970"
"15:18","Ældreministeren (Thyra Frank):","Ministeren vil lægge sig i selen for at skaffe de bedste rammer for det ældreområde, som jeg nu står i spidsen for. Og det vil jeg selvfølgelig arbejde for, det er klart, hvem vil ikke det som minister for et område. LINEBREAK ","41","20161M057_2017-02-08_1300","ORIGINAL","647"
"16:33","Ældreministeren (Thyra Frank):","Jamen endnu en gang må jeg svare, at da jeg var leder på Lotte, var det vores sundhedsfaglige vurdering, at det fungerede fint, at vores personale, som var sygeplejersker, selv doserede beboernes medicin. Man kan jo altid arbejde med forbedringer, og det forventer jeg også at alle plejehjem er optaget af. LINEBREAK ","51","20161M061_2017-02-22_1300","ORIGINAL","716"
"16:15","Ældreministeren (Thyra Frank):","For mig var det i min tid som plejehjemsleder meget vigtigt at have fokus på beboernes livskvalitet og på at skabe nogle gode rammer for dem, men det betyder selvfølgelig ikke, at der ikke også skal være fokus på bl.a. den rigtige medicinering. LINEBREAK ","43","20161M061_2017-02-22_1300","ORIGINAL","706"
"13:04","Ældreministeren (Thyra Frank):","Jeg er glad for, at reglerne allerede i dag giver den fleksibilitet til kommunerne, at plejehjemmene, uanset om de er offentlige eller private, kan tilbyde ældre, der måske også er ensomme, at købe et måltid mad og spise det sammen med andre. LINEBREAK ","42","20161M095_2017-05-10_1300","ORIGINAL","1196"
"16:12","Ældreministeren (Thyra Frank):","Tak for det. Abdel fulgte mig en halv dag, og det var ikke lige det, som var oppe. Men det er klart, at når Sundhedsstyrelsen vurderer, at der er noget på plejehjemmet, der ikke foregår, som det skal, så skal der selvfølgelig rettes op på det med det samme. LINEBREAK ","49","20161M065_2017-03-01_1300","ORIGINAL","772"
"14:11","Ældreministeren (Thyra Frank):","Jeg kan sige, at jeg ikke deler spørgerens mening om, at man er så trængt, for jeg sagde netop, at vi har hjulpet med værdighedsmilliarden, at vi har klippekortet, og vi har også i den årlige økonomiaftale med kommunerne løftet området og rammerne med 800 mio. kr., især til kernevelfærd og især til ældreområdet. LINEBREAK ","54","20171M025_2017-11-29_1300","ORIGINAL","1656"
"16:39","Ældreministeren (Thyra Frank):","Jeg vil da rigtig gerne med spørgeren ud at besøge plejehjem. Jeg ser meget frem til, at vi kan komme til at tale om fremtiden i stedet for fortiden, og jeg vil rigtig gerne gøre en stor forskel for de ældre ude på landets plejehjem. LINEBREAK ","45","20161M049_2017-01-25_1300","ORIGINAL","559"
"14:19","Ældreministeren (Thyra Frank):","Vi har jo bl.a. også fra ministeriets side valgt at sende et brev ud til alle 98 kommuner om, hvordan de skal klare det med klippekortet, fordi vi kan forstå, at der er nogle problemer med klippekortet. Så ja, vi har også kontakt til kommunerne, når vi synes, der er noget, der måske ikke fungerer helt, som det skal. LINEBREAK ","59","20171M030_2017-12-07_1000","ORIGINAL","1710"
"17:46","Ældreministeren (Thyra Frank):","Jeg synes i hvert fald, at det katalog med de spareforslag, der ligger, i allerhøjeste grad er uværdig ældrepleje, men det er et katalog, og nu må vi se, om de lokale politikere virkelig vil gøre den slags. Jeg mener, at det med, at man kun kan få et bad hver anden uge, ikke er værdig ældrepleje. LINEBREAK ","57","20171M083_2018-04-17_1300","ORIGINAL","2164"
"19:07","Ældreministeren (Thyra Frank):","Det er jeg fuldstændig enig med spørgeren i, og jeg vil da også sige, at det glæder mig, at der er nedsat en ledelseskommission hos innovationsministeren, og jeg kan oplyse, at der bl.a. også sidder en plejehjemsleder med fra Vejle. LINEBREAK ","40","20161M070_2017-03-21_1300","ORIGINAL","877"
"18:31","Alex Ahrendtsen (DF):","Den nuværende ordning er jo sådan, at det er Statens Kunstfond, der dikterer, og borgerne kan så bare sige ja og amen, når det er blevet besluttet og kunstværket er stillet op. Og der synes vi egentlig, det er meget fornuftigt, at vi har det som betingelse, for ellers kommer de afstemninger ikke. Det er baggrunden for det. LINEBREAK ","58","20171M079_2018-04-10_1300","ORIGINAL","2133"
"16:42","Alex Ahrendtsen (DF):","Venstres ordfører synes, at det er formynderisk at inddrage beboerne. Kunne man ikke vende det om og sige, at det er formynderisk, at det er en ganske lille bestyrelse, der på vegne af en hel blok afgør, hvad der skal stå i det offentlige rum af kunst? LINEBREAK ","47","20161M086_2017-04-26_1300","ORIGINAL","1085"
"16:49","Alex Ahrendtsen (DF):","Jeg kunne også spørge lidt mere direkte: Burde hr. Mogens Jensen ikke rose Dansk Folkeparti for at have fremsat det her lovforslag, fordi det har givet regeringen mulighed for at stille ændringsforslag, som nu efter al sandsynlighed betyder, at Vikingeskibsmuseet kan komme i gang, og at det ikke bliver bremset af et bygningssyn, der har nedlagt veto? LINEBREAK ","57","20161M094_2017-05-09_1300","ORIGINAL","1185"
"18:50","Alex Ahrendtsen (DF):","Det er jo ret overvældende, at 71 kommuner har svaret, og at de 70 siger, at de slet ikke bruger loven. Hvis det nu viser sig, at revisionen når frem til samme resultat, er Enhedslisten så med på at skrotte loven? LINEBREAK ","41","20181M006_2018-10-11_1000","ORIGINAL","2473"
"11:33","Alex Ahrendtsen (DF):","Tak for svaret. Det betyder jo så også, at enhver ordfører og ethvert parti har mulighed for i sagen under forhandlingen at stille ændringsforslag og forsøge at forbedre lovforslaget, når der bare egentlig ligger en forståelse forud for behandlingen. Er det ikke korrekt? Er det ikke normalt og kutyme i salen, at man kan gøre disse ting? LINEBREAK ","57","20161M066_2017-03-02_1000","ORIGINAL","789"
"11:42","Alex Ahrendtsen (DF):","Ordførerens parti er jo en del af regeringen, og ordføreren skal derfor ikke tale imod sin regering, men alligevel vil jeg driste mig til at spørge, om ordføreren kunne være med til at gennemgå reglerne for navngivning af uddannelsesinstitutioner sammen med Dansk Folkeparti. LINEBREAK ","43","20171M051_2018-01-26_1000","ORIGINAL","1908"
"11:12","Alex Ahrendtsen (DF):","Jeg forsøgte faktisk at spørge i forlængelse af beslutningsforslaget, om man skal op til den eksamen. Det ville da være godt, når man som ingeniør skal ud at søge job i Danmark, at man har vist, at man faktisk kan bestå sådan en eksamen, så hvorfor ikke bare stemme ja til forslaget? LINEBREAK ","52","20171M051_2018-01-26_1000","ORIGINAL","1906"
"16:47","Alex Ahrendtsen (DF):","Tak til hr. Mogens Jensen. Det er jo glædeligt med støtten. LINEBREAK Jeg har bare et enkelt spørgsmål: Er det ikke rigtigt, at med dette lovforslag og med regeringens ændringsforslag vil det blive noget lettere for Vikingeskibsmuseet at få igangsat hele processen med en ny bygning, og at det derfor er et glimrende initiativ, selv om der er kommet nogle ændringsforslag? LINEBREAK ","60","20161M094_2017-05-09_1300","ORIGINAL","1184"
"10:19","Alex Ahrendtsen (DF):","Jeg er ikke helt sikker på, om jeg hørte, hvad jeg hørte, så nu spørger jeg lige igen: Betyder det så, at Enhedslisten støtter, at billedkunst fremover skal kunne udbydes også for 6. klasse, så der bliver mulighed for et sammenhængende forløb fra 1. til 8. klasse? LINEBREAK ","47","20181M044_2019-01-11_1000","ORIGINAL","2798"
"12:13","Alex Ahrendtsen (DF):","Hvad kunne det være, det skulle afhænge af? Det må ordføreren godt komme lidt nærmere ind på. Er det pengene? Er det, hvor det skal være? Er det andre ting? Rent principielt kan man godt forholde sig til ideen om en sprogtermbank, så hvad er det, beslutningen afhænger af? Hvad er det, holdningen afhænger af? Jeg er ikke helt med. LINEBREAK ","60","20171M067_2018-03-02_1000","ORIGINAL","2018"
"14:19","Alex Ahrendtsen (DF):","Nu er der jo mange forskellige forskere, der siger mange forskellige ting. Hvis jeg forstår Alternativet rigtigt, vil man egentlig sige ja til de nationale test, hvis de kommer lidt senere, f.eks. i 4. klasse. Er det sådan, jeg skal forstå det? For så er det jo bare at tilslutte sig aftalen. LINEBREAK ","52","20161M058_2017-02-09_1000","ORIGINAL","656"
"13:31","Alex Ahrendtsen (DF):","Spørgsmålet er: Hvad er ministerens holdning til, at Slots- og Kulturstyrelsen har givet dispensation og dermed tilladelse til at bygge nyt oven på de gamle fæstningsmure på det fredede areal omkring Nyborg Slot, mens samme styrelse har afvist at affrede Vikingeskibsmuseets bygning, så der kan ske en om- og nybygning af hensyn til de 1.000 år gamle vikingeskibe? LINEBREAK ","58","20171M076_2018-04-04_1300","ORIGINAL","2108"
"12:26","Alex Ahrendtsen (DF):","Jeg synes, det bliver bedre og bedre. Det tegner da godt. Ministeren var noget mere venligt afvisende end ordføreren for Liberal Alliance. Så jeg tror da, vi kan få et glimrende samarbejde, så vi kan presse ministeren endnu længere, end hun måske havde tænkt sig at gå. Så tak for ordførertalen. LINEBREAK ","51","20171M067_2018-03-02_1000","ORIGINAL","2020"
"18:38","Alex Ahrendtsen (DF):","Så loven er en fiasko, men Socialdemokraterne vil ikke være med til at fjerne den, selv om friskoler og privatskoler faktisk kan gøre det, som Socialdemokraterne ønsker, nemlig at oprette internationale afdelinger eller internationale skoler. Så hvorfor ikke bare fjerne loven, da der ikke er nogen, der vil have den, da den ikke duer? Det er simpelt hen dårligt arbejde. LINEBREAK ","60","20181M006_2018-10-11_1000","ORIGINAL","2470"
"18:59","Alex Ahrendtsen (DF):","Tak for det. Ministeren er jo kendt for at nære en stor kærlighed til fri- og privatskoler. Når nu loven i dag er sådan, at fri- og privatskoler kan oprette internationale grundskoleafdelinger, vil det så ikke være nærliggende at bruge den her evaluering som anledning til at skrotte loven i stedet for at udskyde revisionen? LINEBREAK ","55","20181M006_2018-10-11_1000","ORIGINAL","2474"
"10:08","Alex Ahrendtsen (DF):","Tak for det. Ministeren nævner i sin tale, at der kommer et udspil fra regeringen om at håndtere dette problem. Kunne ministeren fortælle noget om, hvornår dette udspil forventes at blive færdigt, og løfte sløret for, hvad det kommer til at indeholde? LINEBREAK ","42","20171M051_2018-01-26_1000","ORIGINAL","1902"
"11:08","Alex Ahrendtsen (DF):","Jeg har fået en del henvendelser fra forfattere, som ikke har indsendt høringssvar, i og med at de ikke sidder i bestyrelserne i de organisationer, der har deltaget i høringen, og de har alle sammen peget på, at det vil være fornuftigt at sætte undergrænsen endnu længere ned, så de får kompensation for, at deres bøger står til rådighed. LINEBREAK ","59","20161M066_2017-03-02_1000","ORIGINAL","787"
"10:18","Alex Ahrendtsen (DF):","Tak. Ordføreren sagde, at Socialdemokratiet gerne vil være med til at værne om det danske sprog, og det lyder jo godt. Kunne ordføreren løfte lidt af sløret for, hvilke konkrete tiltag man har på vej for at værne om det danske sprog? LINEBREAK ","42","20171M051_2018-01-26_1000","ORIGINAL","1905"
"10:43","Alex Ahrendtsen (DF):","Tak. For at konkludere: Under en eventuel socialdemokratisk ledet regering fortsætter omprioriteringsbidraget, men i et mindre omfang, altså 0,5 pct. i stedet for 2 pct. Samtidig vil Socialdemokratiet så også afsætte 100 mio. kr. til at styrke kulturen, så vidt jeg har forstået. Hvor skal de penge, de 100 mio. kr., komme fra? LINEBREAK ","53","20181M016_2018-11-08_1000","ORIGINAL","2570"
"11:07","Alex Ahrendtsen (DF):","Men ordningen er jo skruet sådan sammen, at det ikke er nok at have bogen stående, den skal også udlånes, og på baggrund af udlånet får du så udbetalt penge på baggrund af et kompliceret pointsystem. Så det udligner egentlig sig selv. LINEBREAK ","42","20161M066_2017-03-02_1000","ORIGINAL","786"
"11:46","Christian Juhl (EL):","Tak for det. Jeg vil gerne høre, om fru Aleqa Hammond mener, at USA følger Ilulissataftalen, når de opgraderer radaren uden at engagere Danmark og Grønland i afgørelsen med den risiko, at Grønland bliver et større bombemål i en militær konflikt. Vi snakker jo om i Ilulissataftalen, at vi skulle afmilitarisere eller i hvert fald nedmilitarisere Arktis. LINEBREAK ","57","20171M010_2017-10-26_1000","ORIGINAL","1543"
"17:22","Christian Juhl (EL):","Det er jo svært ikke at lade sig friste, for vi har en fælles historie fra engang, hvor fru Lisbeth Bech Poulsen var i en rød regering eller i hvert fald en såkaldt rød regering. Jeg kunne godt tænke mig at spørge: Hvad var bevæggrundene dengang for at sætte selskabsskatten ned og ikke gennemføre et forslag som f.eks. det her? LINEBREAK ","60","20171M030_2017-12-07_1000","ORIGINAL","1716"
"13:51","Christian Juhl (EL):","Det var egentlig ikke det, jeg spurgte om. Det var noget med, hvordan ordføreren mener respekten og ordentligheden er i byråd, regionsråd, Nordisk Råd og udvalg osv. Så vil jeg godt tilføje, om ikke også ordføreren er opmærksom på, at sproget blandt danskere faktisk udvikler sig, selv om man taler ordentligt til hinanden i langt de fleste forsamlinger. LINEBREAK ","58","20161M104_2017-05-30_1300","ORIGINAL","1376"
"13:02","Christian Juhl (EL):","Jeg vil gerne spørge Socialdemokratiets ordfører, om ikke det er lidt problematisk, at vi her risikerer at træffe administrative og skønsbaserede beslutninger om ekstra straf, uden de overhovedet har en chance for at forsvare sig over for det. Det er jo skønsbaseret og administrativt belagt straf, man giver dem i det her tilfælde. LINEBREAK ","53","20181M063_2019-02-21_1000","ORIGINAL","2974"
"14:57","Christian Juhl (EL):","Jeg kunne godt tænke mig at høre, hvad De Konservative synes vi har lært af overenskomstindgrebet i 2013, hvor der kom et ensidigt indgreb fra regeringens side, og hvor der også var en ensidig lockout fra den samme regerings side. Så vidt jeg husker, støttede De Konservative på det tidspunkt begge initiativer. LINEBREAK ","52","20171M081_2018-04-12_1000","ORIGINAL","2144"
"13:22","Christian Juhl (EL):","Tak for det. Og tak for meldingerne omkring ytringsfrihed og forsamlingsfrihed. Mener ministeren, at regeringen og myndighederne i Danmark optrådte i overensstemmelse med regeringens grundlag omkring forsamlings- og ytringsfrihed, da vi oplevede den meget omtalte sag om tibetflagene og demonstranter, der blev fjernet, fordi kinesiske politikere skulle køre på de danske veje? LINEBREAK ","52","20181M033_2018-12-07_1000","ORIGINAL","2705"
"10:56","Christian Juhl (EL):","Nej, det håber jeg heller ikke, men jeg vil bare gerne vide, om det var konsekvensen for mindretallet, at de så skulle vælge enten tysk eller dansk statsborgerskab og ikke kunne have begge statsborgerskaber i fremtiden, hvis det blev vedtaget. Jeg vil vide konsekvenserne af sådan et forslag. Det er det, jeg spørger om. LINEBREAK ","54","20161M100_2017-05-19_1000","ORIGINAL","1301"
"13:03","Christian Juhl (EL):","Jamen er det ikke vigtigt, at vi rejser et krav om dokumentation for, at der overhovedet er behov for sådan en stramning her, før vi siger, at det, regeringen siger, må være rigtigt? Der er jo ikke et gran dokumentation for, at der reelt er behov for en stramning på det her område. LINEBREAK ","53","20181M063_2019-02-21_1000","ORIGINAL","2975"
"17:31","Christian Juhl (EL):","Vi hørte før fra en kollega, der ikke er til stede lige nu, men jeg kan rolig sige, at det er Liberal Alliances ordfører, at lavere selskabsskat giver øget produktivitet. Jeg vil gerne høre, om Konservatives ordfører også abonnerer på den holdning. LINEBREAK ","42","20171M030_2017-12-07_1000","ORIGINAL","1717"
"13:15","Christian Juhl (EL):","Tak for det. Nu forklarede Tjóðveldis ordfører jo, hvordan EU har spillet en rolle i forbindelse med fiskekvoterne osv. Men hvis EU skulle spille en progressiv og positiv rolle i forhold til mennesker, der bor i og omkring Arktis, hvilke hovedprincipper skulle de så arbejde efter? LINEBREAK ","46","20171M010_2017-10-26_1000","ORIGINAL","1544"
"11:20","Christian Juhl (EL):","Jeg vil gerne høre ordføreren, om sætningen hedder, at dem, der kan, skal arbejde mere, eller den hedder, at dem, der kan, skal have mulighed for at arbejde mere. Der er stor forskel på det. Jeg mener, at de har mulighed i dag, men de er ikke tvunget til det. LINEBREAK ","50","20161M080_2017-04-07_1000","ORIGINAL","1011"
"13:54","Christian Juhl (EL):","Så jeg vil da gerne opfordre til, at ministeren gør sig en selvstændig overvejelse hen over natten, for så kunne det være, at processen i forbindelse med den næste behandling og den næste behandling igen kunne foregå inkluderende. Det kunne være rigtig, rigtig fint. LINEBREAK ","44","20171M006_2017-10-12_1000","ORIGINAL","1489"
"15:40","Christian Juhl (EL):","Tak for det. Jeg kan forstå på Dansk Folkeparti, at de bakker op om Socialdemokratiets forslag, som hr. Leif Lahn Jensen sagde lige før. Men er det ikke hr. Bent Bøgsteds opfattelse, at det forslag er på kollisionskurs med velfærdsforliget fra 2006? LINEBREAK ","42","20181M057_2019-02-05_1300","ORIGINAL","2898"
"10:55","Christian Juhl (EL):","Vil ordføreren forklare mig, hvilke regler der er gældende på et dansk skib under dansk kommando i internationalt farvand? Det er ikke et spørgsmål til den højere embedseksamen på universitetet, det er ganske almindelig folkeret, og det er ganske almindelige betingelser – betingelserne er jo kendt på forhånd. LINEBREAK ","48","20171M036_2017-12-19_1000","ORIGINAL","1784"
"11:11","Christian Juhl (EL):","Jeg vil gerne høre, om hr. Bertel Haarder mener, at omprioriteringsbidraget skal fortsætte, og om han mener, at det er forkert at kalde en øvelse, hvor man tager 539 mio. kr. og kun leverer 400 mio. kr. tilbage, en nedskæring. LINEBREAK ","40","20181M016_2018-11-08_1000","ORIGINAL","2573"
"20:59","Christian Juhl (EL):","Nu er det da vist sådan lidt meget at sige, at det har hellig status. Vi er jo i Folketinget, vi er ikke i kirken i øjeblikket. Mener ordføreren, at de nuværende kvalitetskrav til lovgivningen har en hellig status eller er et eller andet besværligt og bureaukratisk noget, som vi ikke har noget at bruge til? LINEBREAK ","56","20161M097_2017-05-16_1300","ORIGINAL","1244"
"15:54","Christian Juhl (EL):","Undskyld, at jeg rejste mig op før tid, men det var kun for at være klar. Jeg ville høre, om det er noget, som man kan etablere i Grønland, eller om der skal være et samarbejde med f.eks. universiteter i Danmark, for at den her opgave kan løses. LINEBREAK ","48","20161M106_2017-06-01_1000","ORIGINAL","1408"
"13:11","Christian Juhl (EL):","Er ordføreren uenig i, at vi nu strammer en vigtig lovgivning, men at vi strammer den på et skønsbaseret, administrativt grundlag og ikke på et retsbaseret grundlag og heller ikke på et grundlag, som der er dokumentation for, at der er behov for? LINEBREAK ","43","20181M063_2019-02-21_1000","ORIGINAL","2976"
"21:19","Christian Juhl (EL):","Så er jeg næsten nødt til at spørge: Hvordan skal sådan en fordeling foregå? For der er jo nogle, der ejer retten til at fiske i øjeblikket, kan jeg forstå. Hvordan kan den omfordeles? Det er da et ret interessant spørgsmål, synes jeg, også for Danmark og andre lande, der har en tendens hen imod større ulighed. LINEBREAK ","57","20161M105_2017-05-31_0900","ORIGINAL","1390"
"14:33","Christian Juhl (EL):","Tak for det. Jeg har aldrig forstået, hvordan en liberal politiker kunne gå med til den konkurrenceforvridende ordning, vi har på området, og stille gratis arbejdskraft til rådighed for nogle virksomheder og ikke for andre. Det vil sige, at man laver en konkurrenceforvridning, ved at man bare sådan siger: Værsgo, I kan bruge den her arbejdskraft. LINEBREAK ","56","20171M097_2018-05-17_1000","ORIGINAL","2318"
