"17:03","Transport-, bygnings- og boligministeren (Ole Birk Olesen):","Jo, det kan jeg bekræfte, og ja, det er jeg enig i. Det er nok også rigtigt, at vi i min familie nok ikke ville have haft råd til at købe den bil, hvis vi ikke havde købt den, før der blev lagt afgift på. LINEBREAK ","45","20161M078_2017-04-04_1300","ORIGINAL"
"18:16","May-Britt Kattrup (LA):","Jeg tror også, jeg vil lægge min tale lidt til side, for der er jo ikke så meget andet at sige, end at det her er ganske fornuftigt – at vi ønsker at sikre borgerne i en situation, hvis det forfærdelige skulle ske, at Danmark bliver udsat for et terrorangreb. Så i Liberal Alliance støtter vi også forslaget. LINEBREAK ","58","20181M061_2019-02-19_1300","ORIGINAL"
"13:37","Torsten Gejl (ALT):","Så vil jeg bare nøjes med at takke for den dialog, vi har på det her område. Jeg ved godt, at borgerløn er et helt andet skridt at tage, og jeg vil aldrig sige, at det er noget, Radikale har sagt, I går ind for. Men tak, fordi man vil debattere den retning. Så tak for det. LINEBREAK ","57","20171M097_2018-05-17_1000","ORIGINAL"
"15:22","Udenrigsministeren (Anders Samuelsen):","Altså, det er sådan, at når en fransk hangarskibsgruppe er ude at sejle, er den altid operativt indsat, men det er vi ikke. Og ønsker Frankrig at deltage i en operation, som vi ikke vil være med i, kan vi bare udtræde af hangarskibsgruppen. LINEBREAK ","44","20181M037_2018-12-14_1000","ORIGINAL"
"20:23","Carsten Bach (LA):","Jeg har to ting. Først vil jeg sige, at jeg er meget glad for, at fru Ida Auken er kommet sig over sin klimadepression. Det er jeg virkelig glad for. Så kunne jeg også godt tænke mig at høre, om ikke fru Ida Auken er enig med hr. Jens Joel i, at fremtidens udbud med vedvarende energi skal foregå teknologineutralt. LINEBREAK ","60","20161M101_2017-05-23_1300","ORIGINAL"
"16:47","Henrik Dahl (LA):","Jeg kan ikke sige andet, end at jeg har forstået det sådan, at EU-Domstolen simpelt hen havde et andet synspunkt end det, som hr. Finn Sørensen repræsenterer, nemlig at den svenske arbejdsmarkedsmodel var så ikketransparent, at det var en form for handelshindring. Man kunne ikke opretholde det system, og så måtte man gøre det svenske arbejdsmarked mere transparent. LINEBREAK ","58","20181M083_2019-04-09_1300","ORIGINAL"
"14:15","Transport-, bygnings- og boligministeren (Ole Birk Olesen):","Det, jeg kan sige, er, at Frederikshavns Kommune har vurderet det til at koste mellem 60 og 80 mio. kr., mens Vejdirektoratet i et anlægsoverslag for tre forskellige løsninger har beregnet omkostningerne til henholdsvis 115 mio. kr., 150 mio. kr. og 230 mio. kr. LINEBREAK ","44","20171M065_2018-02-28_1300","ORIGINAL"
"15:31","Transport-, bygnings- og boligministeren (Ole Birk Olesen):","Jeg kan forsikre, at der ikke findes nogen minister, der går mere op i den her sag, end jeg gør, og der kan formentlig ikke peges på en eneste tidligere socialdemokratisk minister for posten, som har gjort mere for den her sag, end jeg har. LINEBREAK ","45","20171M041_2018-01-10_1300","ORIGINAL"
"14:30","Christian Juhl (EL):","SF's ordfører sagde, at nu skal virksomhederne kunne tåle at få besøg af Arbejdstilsynet. Er ordføreren opmærksom på, at det kun er 500 af de 3.000 virksomheder, der får et besøg, at de 2.500 stadig væk er totalt fritaget for Arbejdstilsynets besøg, og at der ikke er tale om et egentligt arbejdstilsynsbesøg, men kun et såkaldt undersøgelsesbesøg? LINEBREAK ","57","20171M008_2017-10-24_1300","ORIGINAL"
"13:22","Christian Juhl (EL):","Tak for det. Og tak for meldingerne omkring ytringsfrihed og forsamlingsfrihed. Mener ministeren, at regeringen og myndighederne i Danmark optrådte i overensstemmelse med regeringens grundlag omkring forsamlings- og ytringsfrihed, da vi oplevede den meget omtalte sag om tibetflagene og demonstranter, der blev fjernet, fordi kinesiske politikere skulle køre på de danske veje? LINEBREAK ","52","20181M033_2018-12-07_1000","ORIGINAL"
"15:07","Udlændinge- og integrationsministeren (Inger Støjberg):","Vi har en forpligtelse til at arbejde til bunds med vores lovforslag. Og i det omfang at også fru Josephine Fock eller andre vil spørge ind til de her ting, vil vi selvfølgelig yde den bistand, der overhovedet skal til – det er klart. LINEBREAK ","44","20171M009_2017-10-25_1300","ORIGINAL"
"14:33","Carsten Bach (LA):","I det tilfælde, at ordføreren for Enhedslisten mener, at der er nogle forhold i det danske landbrug, som fortjener en politianmeldelse, vil jeg igen fra Folketingets talerstol kraftigt opfordre Enhedslistens ordfører til at foretage de anmeldelser, sådan at vi kan få en retsmæssig politiefterforskning af de konkrete forhold og så få gjort noget ved dem. LINEBREAK ","55","20181M077_2019-03-28_1000","ORIGINAL"
"11:42","Finn Sørensen (EL):","Tak. Dansk Folkeparti markedsfører jo sig selv som danskernes parti. Hvordan kan det så være, at man støtter et lovforslag, der på sigt vil medføre, at tusindvis af udlandsdanskere vil blive ramt af det her og være i en situation, hvor de får væsentlig lavere folke- og førtidspension end andre danske statsborgere? LINEBREAK ","52","20171M062_2018-02-22_1000","ORIGINAL"
"15:01","Henrik Dahl (LA):","Det bakker vi selvfølgelig op om, og det er også derfor, vi ikke afskaffer det, men udsætter ordningen. Men jeg siger også bare fuldstændig realistisk, at om 10 år vil hele systemet se anderledes ud, fordi det, vi har, er ved at være temmelig gammelt. LINEBREAK ","45","20171M036_2017-12-19_1000","ORIGINAL"
"15:41","Carsten Bach (LA):","Det var jo så ikke den eneste årsag – det var den sidste årsag, jeg nævnte i min opremsning. Det var sådan, det skulle forstås. Men jeg er så selvfølgelig også glad for, at fru Marie Krarup mener, at NATO fortsat er krumtappen i det danske forsvar. LINEBREAK ","47","20161M052_2017-01-31_1300","ORIGINAL"
"12:18","Henrik Dahl (LA):","Jeg vil gerne se en nærmere analyse af årsagerne til frafald, men altså umiddelbart forekommer det mig, at det i det hele taget er en utrolig useriøs måde at gå til sine studier på. Og hvor meget gavn samfundet har af useriøse mennesker, skal jeg ikke kunne sige. LINEBREAK ","48","20171M074_2018-03-23_1000","ORIGINAL"
"18:22","Torsten Gejl (ALT):","Tag f.eks. data fra Washington State Health Youth Survey, hvor de har spurgt 230.000 studenter og på den måde undersøgt, om de studerende er begyndt at indtage mere cannabis, efter at der blev en legalisering og afkriminalisering. Og det er de ikke. Hvordan kan ordføreren så frygte, at flere vil bruge det? LINEBREAK ","52","20171M094_2018-05-09_1300","ORIGINAL"
"17:36","Transport-, bygnings- og boligministeren (Ole Birk Olesen):","Jeg har ikke set noget i den luftfartsstrategi, som jeg har fået overdraget af den tidligere minister på området, som jeg ikke kan bakke op om. Så der kan jeg betrygge hr. Rasmus Prehn med, at tingene er i de bedste hænder. LINEBREAK ","42","20161M031_2016-12-07_1300","ORIGINAL"
"18:50","Benny Engelbrecht (S):","Ja, for hensigten er jo fin, nemlig at det sikres, at man holder sig inden for de rammer, der overordnet set er aftalt. Men jeg giver fru Lisbeth Bech Poulsen fuldstændig ret i, at hvis det så ender i, at man permanent underforbruger, jamen så er det jo uhensigtsmæssigt, helt sikkert. LINEBREAK ","51","20181M086_2019-04-23_1300","ORIGINAL"
"15:29","Transport-, bygnings- og boligministeren (Ole Birk Olesen):","Men det vil jeg gerne forpligte mig på – det er i forvejen min politik at forsøge at gøre det. I det hele taget må vi sige, at selve ideen med, at man samler alle med boligsociale problemer i bestemte boligområder, som er en idé, der i høj grad er undfanget af Socialdemokratiet, har vist sig at spille fallit. LINEBREAK ","59","20161M091_2017-05-03_1300","ORIGINAL"
"14:08","Transport-, bygnings- og boligministeren (Ole Birk Olesen):","Jeg synes bestemt ikke, det her er en lille sag. Vi har at gøre med familier, der nogle gange fragter to børn på ladet af en cykel, og hvor der er børn i en cykel, skal der selvfølgelig også være ordentlige sikkerhedsforhold, ikke kun for børnene, men også for de voksne. LINEBREAK ","51","20171M005_2017-10-11_1300","ORIGINAL"
"13:24","Torsten Gejl (ALT):","Tak. Jeg vil bare have ordføreren til at bekræfte, at det er 7,3 mio. kr., man i første omgang sparer ved det her. Og jeg vil lige høre, om ordføreren ved, hvor mange mennesker det er, der i første omgang ikke kommer til at færdiggøre deres ph.d. LINEBREAK ","47","20161M016_2016-11-15_1300","ORIGINAL"
"16:01","Henrik Dahl (LA):","Der bliver nævnt en lang række aktører, som kunne gøre det bedre. En aktør, der kun lige blev nævnt til sidst, var Folketinget. Kunne jeg lokke ordføreren til at kommentere lidt nærmere, hvad Folketinget eventuelt kan gøre for at sætte regelbyrden og kompleksiteten ned? LINEBREAK ","44","20161M028_2016-12-05_1000","ORIGINAL"
"19:02","Torsten Gejl (ALT):","Hvis spørgsmålet er, om vi så skal gøre noget nu, ville jeg sige nej. Jeg mener ikke, man skal begynde at foregribe en dybdegående undersøgelse og begynde at konstruere de komponenter, som undersøgelsen skal vise hvorvidt er de rigtige. Det mener jeg simpelt hen ikke. Det er ikke i mine hænder, men det er forligskredsen, der bestemmer det. LINEBREAK ","58","20161M094_2017-05-09_1300","ORIGINAL"
"20:45","May-Britt Kattrup (LA):","Liberal Alliances ordfører. (Karina Adsbøl (DF): Undskyld!) Jamen det er helt okay. Liberal Alliances ordfører har fået det indtryk, at kulegravningen er en del af regeringens sammenhængsreform, og at de to ting arbejder sammen. Det er derfor, jeg gerne vil afvente resultatet af det arbejde. LINEBREAK ","45","20181M088_2019-04-25_1000","ORIGINAL"
"14:38","Carsten Bach (LA):","Jo, det synes jeg for så vidt, og det er vel i virkeligheden også det, vi har på nuværende tidspunkt i form af Kystdirektoratet og det samarbejde, der foregår mellem Kystdirektoratet, kommunerne og så de sammenslutninger af grundejere, der er rundtomkring i landet. LINEBREAK ","43","20161M050_2017-01-26_1000","ORIGINAL"
"14:07","Transport-, bygnings- og boligministeren (Ole Birk Olesen):","Heldigvis behøver vi ikke så meget tålmodighed her. Det er i foråret, at det arbejde med at finde penge i en 2025-plan bliver færdiggjort, og når det arbejde så er gjort, håber jeg, at vi kan gå i gang med også at skitsere, hvilke trafikinvesteringer vi vil foretage i de kommende år. LINEBREAK ","52","20161M082_2017-04-19_1300","ORIGINAL"
"17:44","Henrik Dahl (LA):","Jeg skal bare forstå, om hr. Kenneth Kristensen Berth ser sådan på det, at når man ser på balancen imellem arbejdskraftens fri bevægelighed og den kæmpestore sejr for lønmodtagerne, som hele metrosagen var, som hr. Karsten Hønge nævnede, er det så en falliterklæring for balancen imellem lønmodtagerrettigheder og den frie bevægelighed – er det en falliterklæring? LINEBREAK ","56","20181M083_2019-04-09_1300","ORIGINAL"
"17:26","May-Britt Kattrup (LA):","Det var da et ægte radikalt svar. Men når Morten Østergaard så i debatten forleden sagde, at de rige gerne må blive rigere, så er det altså ikke et udtryk for, at Radikale mener, at det er en myte, at der er problemer med uligheden i Danmark. LINEBREAK ","47","20171M003_2017-10-05_1000","ORIGINAL"
"16:30","Ældreministeren (Thyra Frank):","Ja, det er jo de samme spørgsmål, og så bliver svarene også de samme. Det er en selvfølgelighed, at det sundhedsfaglige skal være i orden på et plejehjem, og det betyder, at medicinen selvfølgelig skal gives efter den foreskrevne ordination. LINEBREAK ","40","20161M061_2017-02-22_1300","ORIGINAL"
"14:20","Udlændinge- og integrationsministeren (Inger Støjberg):","Jamen det er jo noget, der kan overvejes i fremtiden. Jeg synes selvfølgelig altid, at vi skal overveje, om de informationer, der bliver sendt ud, også rent faktisk er dækkende. Så vi kan helt klart overveje, om det kan gøres anderledes eller bedre, forhåbentlig bedre. LINEBREAK ","45","20181M023_2018-11-21_1300","ORIGINAL"
"17:04","Ældreministeren (Thyra Frank):","Da jeg var leder af plejehjemmet Lotte, var det vores sundhedsfaglige vurdering, at det fungerede fint på den måde, som vi nu engang doserede beboernes medicin. Det er som sagt bl.a. personalets faglige kompetencer og plejehjemmets størrelse, som afgør, hvad der er rigtigt det sted. LINEBREAK ","45","20161M049_2017-01-25_1300","ORIGINAL"
"13:54","Christian Juhl (EL):","Så jeg vil da gerne opfordre til, at ministeren gør sig en selvstændig overvejelse hen over natten, for så kunne det være, at processen i forbindelse med den næste behandling og den næste behandling igen kunne foregå inkluderende. Det kunne være rigtig, rigtig fint. LINEBREAK ","44","20171M006_2017-10-12_1000","ORIGINAL"
"10:49","Udlændinge- og integrationsministeren (Inger Støjberg):","Altså, jeg kan sige, at vi jo styrker mulighederne for at repatriere nu, og det gør vi for alle flygtningegrupper, bl.a. også syrere. Men det er jo naturligvis også sådan, at jeg ikke fra Folketingets talerstol kan stå og fortælle om, hvilke kontakter der eventuelt måtte være med andre lande. LINEBREAK ","50","20181M036_2018-12-13_1000","ORIGINAL"
"13:47","Benny Engelbrecht (S):","Tak for et meget klart svar, som jeg ikke skal lægge skjul på jeg er uhyre tilfreds med. Kan ministeren godt forstå, at der kan være personer, som har en vis bekymring og antager en vis bekymret mine, når der er en minister i en regering, som melder sådan ud? LINEBREAK ","50","20181M005_2018-10-10_1000","ORIGINAL"
"11:39","Alex Ahrendtsen (DF):","Jo, det er faktisk noget, som ministerierne bruger tid på, og det burde fru Christine Antorini egentlig vide, for navne skal i dag godkendes i ministerierne. Skal jeg forstå Socialdemokratiet sådan, at man ikke synes, at navne fremover skal godkendes, men at det alene er et anliggende for bestyrelser? Det vil da være et nybrud. LINEBREAK ","55","20171M051_2018-01-26_1000","ORIGINAL"
"10:19","Alex Ahrendtsen (DF):","Jeg er ikke helt sikker på, om jeg hørte, hvad jeg hørte, så nu spørger jeg lige igen: Betyder det så, at Enhedslisten støtter, at billedkunst fremover skal kunne udbydes også for 6. klasse, så der bliver mulighed for et sammenhængende forløb fra 1. til 8. klasse? LINEBREAK ","47","20181M044_2019-01-11_1000","ORIGINAL"
"20:36","Carsten Bach (LA):","Det er fuldstændig korrekt. Jeg tror måske, at jeg i min ordførertale glemte at trække vejret ved et punktum, og at det måske var derfor, at det kom til at fremstå som en sammenhæng – for det kan jeg sådan set give spørgeren fuldstændig ret i at der ikke er. LINEBREAK ","50","20161M101_2017-05-23_1300","ORIGINAL"
"10:28","Christian Juhl (EL):","Jamen jeg frygter jo, at færingerne og grønlænderne opfatter det sådan, at man i Danmark bare sådan anser det for en proformaekspedition, når det sker flere gange. Og jeg vil gerne indtrængende appellere til regeringen om i resten af dens regeringsperiode at sørge for, at de her frister bliver overholdt, sådan at de folk, der skal høres, også bliver hørt. LINEBREAK ","60","20181M068_2019-03-01_1000","ORIGINAL"
"13:14","Udenrigsministeren (Anders Samuelsen):","Men der er ingen, der stiller Tyrkiet et EU-medlemskab i udsigt under de nuværende forhold, slet ikke under den bevægelse, som Tyrkiet har i øjeblikket. Det synes jeg er et helt forkert billede at give. Jeg understreger det, statsministeren understreger det, alle understreger det: Tyrkiet bevæger sig i modsatte retning af et EU-medlemskab i øjeblikket. LINEBREAK ","55","20161M086_2017-04-26_1300","ORIGINAL"
"17:56","Henrik Dahl (LA):","Nej, der er det udmærket at man ligesom har to systemer, der afspejler to forskellige skolevirkeligheder. Men der er jo ikke nogen sådan tvingende grund til, at ydelser lige præcis skal have den ene størrelse eller den anden størrelse. Det er jo tit nogle lidt tilfældige historiske vilkår, der afgør, at man lander, hvor man lander. LINEBREAK ","56","20161M026_2016-12-01_1000","ORIGINAL"
"13:21","Udlændinge- og integrationsministeren (Inger Støjberg):","Det er helt bestemt ambitionen, at sagsbehandlingstiderne skal sættes væsentligt ned, og jeg så meget gerne, at vi ramte et mål på omkring de 3 måneder. Det tror jeg ville være godt for alle. Men vi har været i en ekstraordinær situation her, og det er klart, at det har været en stor belastning også for nævnet. LINEBREAK ","57","20161M042_2017-01-12_1000","ORIGINAL"
"15:22","Transport-, bygnings- og boligministeren (Ole Birk Olesen):","Det var en meget lille, isoleret del, som handlede om nogle krav om praktikordninger, tror jeg, som De Konservative ikke var med i, og fordi der ikke er et regeringsparti, der var med i den aftale, er resten af regeringen heller ikke med i den del af aftalen. LINEBREAK ","48","20161M091_2017-05-03_1300","ORIGINAL"
"10:14","Torsten Gejl (ALT):","Mange tak. Alternativet støtter også et mere helhedsorienteret tilsyn – især da loven bygger på et vellykket forsøg – som afløser et risikobaseret tilsyn, som har haft sine problemer. Vi går dog også ligesom den socialdemokratiske ordfører ud fra, at der stadig bliver gennemført stikprøver, også i nye brancher. LINEBREAK ","49","20181M082_2019-04-05_1000","ORIGINAL"
"14:33","Christian Juhl (EL):","Tak for det. Jeg har aldrig forstået, hvordan en liberal politiker kunne gå med til den konkurrenceforvridende ordning, vi har på området, og stille gratis arbejdskraft til rådighed for nogle virksomheder og ikke for andre. Det vil sige, at man laver en konkurrenceforvridning, ved at man bare sådan siger: Værsgo, I kan bruge den her arbejdskraft. LINEBREAK ","56","20171M097_2018-05-17_1000","ORIGINAL"
"13:58","Torsten Gejl (ALT):","Den er, at det er mig, der bestemmer i den her sag. Det er mig, der er beskæftigelsesordfører for Alternativet. Henrik Marstal er folketingskandidat for Alternativet, og han må gerne lufte den type meninger. Men det er det, som jeg siger, der gælder, og det er, at vi ikke vil sanktionere ved at tage kontanthjælp fra nogen som helst. LINEBREAK ","59","20161M089_2017-04-28_1000","ORIGINAL"
"18:59","Torsten Gejl (ALT):","Jo, men nu er det altså ordføreren, der har et ministerium i ryggen. Jeg synes også, at de spørgsmål var relevante og gode, så i og med at ordføreren har et par hundrede embedsmænd flere til at hjælpe sig, end jeg har, kan ordføreren så ikke selv prøve at svare på dem? LINEBREAK ","52","20171M056_2018-02-06_1300","ORIGINAL"
"14:14","Benny Engelbrecht (S):","Anerkender ministeren, at antallet af åbne samråd har haft et ret beskedent udsving i perioden 2005 til 2016, jævnfør den opgørelse, Folketingets Administration har foretaget, og som er omtalt i artiklen »Nej, antallet af samråd i Folketinget er ikke eksploderet« i Jyllands-Posten den 15. februar 2017? LINEBREAK ","46","20161M065_2017-03-01_1300","ORIGINAL"
"11:28","Torsten Gejl (ALT):","Tak. Det er bare en ting, jeg skal have opklaret. Ordføreren sagde, at hun modtager mange mails, hvor følgere spørger, hvorfor Enhedslisten ikke er med i det eller det. Et af eksemplerne var medicinsk cannabis, som jo også delvis er baseret på satspuljemidler. Men er det mig, der husker forkert, eller har Enhedslisten ikke stemt for det forslag? LINEBREAK ","58","20171M067_2018-03-02_1000","ORIGINAL"
"14:42","May-Britt Kattrup (LA):","Liberal Alliance ønsker, at vi kan spørge borgerne, og det har vi jo også hørt ministeren sige. En måde kunne være via e-Boks. Vi taler om NemID. Der kan være andre måder at gøre det på. Vi må jo se, hvad det vil bringe, når vi får talt om tingene. LINEBREAK ","50","20181M025_2018-11-23_1000","ORIGINAL"
"13:20","Henrik Dahl (LA):","Jeg formoder, at ordføreren er bekendt med Rockwoolfondens nylige, meget grundige undersøgelse af USA og Danmark, hvoraf det fremgår, at den danske SU tilsyneladende ikke har nogen som helst virkning i retning af at bryde den sociale mobilitet, hvis man sammenligner med USA. Hvad er ordførerens kommentar til det? LINEBREAK ","49","20161M063_2017-02-24_1000","ORIGINAL"
"15:21","Carsten Bach (LA):","Det er jo bl.a., at der i regeringsgrundlaget netop også er fremhævet pointer, som hr. Malte Larsen også læste op fra citat, altså at der nu er tale om mere fokus på konkurrenceevne, og – det står der også direkte i det nye regeringsgrundlag – at den grønne omstilling skal skabe beskæftigelse og ikke det omvendte. LINEBREAK ","56","20161M024_2016-11-29_1300","ORIGINAL"
"15:51","Transport-, bygnings- og boligministeren (Ole Birk Olesen):","Altså, jeg vil gerne svare på det, men jeg får at vide af mit ministerium, at der er nogle ting, der skal undersøges, før man kan svare ordentligt på det spørgsmål, fordi jeg har brug for at dykke ned i de tal, der opgives. LINEBREAK ","44","20171M019_2017-11-15_1300","ORIGINAL"
"10:08","Alex Ahrendtsen (DF):","Tak for det. Ministeren nævner i sin tale, at der kommer et udspil fra regeringen om at håndtere dette problem. Kunne ministeren fortælle noget om, hvornår dette udspil forventes at blive færdigt, og løfte sløret for, hvad det kommer til at indeholde? LINEBREAK ","42","20171M051_2018-01-26_1000","ORIGINAL"
"14:57","Henrik Dahl (LA):","Jeg er hverken mit partis integrations- eller børneordfører, men sådan som jeg har forstået det, er årsagen, at det faktisk på institutionsområdet er sagligt at skride ind på den her måde, fordi vi taler om sprogindlæring. Og når det er sprogindlæringen, der står på spil, er hensynet til sagligheden opfyldt. LINEBREAK ","50","20171M076_2018-04-04_1300","ORIGINAL"
"15:42","Udenrigsministeren (Anders Samuelsen):","Nej, det var en misforståelse. Det er ikke, sådan som jeg erindrer, tilfældet, men jeg skal gerne gå tilbage og søge i dokumenter og sende svar over til Folketinget. Men det, jeg siger, er bare, at selvfølgelig er kvotesystemet et emne, som berøres. LINEBREAK ","43","20171M036_2017-12-19_1000","ORIGINAL"
"16:19","Ældreministeren (Thyra Frank):","Jamen det er jo klart, at man skal kunne stole på, at medicinen bliver håndteret korrekt, og anmærkninger om medicinhåndtering burde vi have fulgt op på med det samme. Der gik nogle gange for lang tid, og det skal jeg være den første til at beklage. LINEBREAK ","46","20161M065_2017-03-01_1300","ORIGINAL"
"12:19","Torsten Gejl (ALT):","Det er sket, men det har så ikke været med Alternativets hjælp. Det er ikke noget, som vi har bidraget til skulle ske. Hvordan kan det, at man førhen har lavet noget, der er forkert, bruges som argument for igen at gøre noget, der er forkert? LINEBREAK ","46","20181M033_2018-12-07_1000","ORIGINAL"
"17:18","Ældreministeren (Thyra Frank):","Jeg vil igen gøre opmærksom på, at tilsynet henhører under sundhedsministeren, og jeg synes ikke, at 14 besøg lyder af ret meget. Men det er som sagt først og fremmest en faglig vurdering, og det er også en forventning, at styrelsen fremadrettet vil foretage tilsyn på en større andel af plejehjemmene, end de har gjort i anden halvdel af 2016. LINEBREAK ","60","20161M049_2017-01-25_1300","ORIGINAL"
"14:13","Udlændinge- og integrationsministeren (Inger Støjberg):","Jeg anerkender, at en del af det at have grænsekontrol selvfølgelig også er at have et meget godt billede af, hvem det er, der kommer ind og ud af et land, men når det er sagt, så mener jeg ganske enkelt ikke, at der er grundlag for at indføre grænsekontrol til Sverige nu. LINEBREAK ","53","20181M036_2018-12-13_1000","ORIGINAL"
"10:42","Torsten Gejl (ALT):","Altså, jeg synes, det er dødsensfarligt at lægge det her over på finansloven. Hvis vi lægger det her over på finansloven, kan det i hvert fald godt kræve, at der er et rødt flertal resten af mit liv, for at jeg er stenhamrende sikker på, at de her penge fortsat vil blive brugt på sociale udfordringer. LINEBREAK ","56","20171M067_2018-03-02_1000","ORIGINAL"
"14:32","Finn Sørensen (EL):","Tak. Nu kan det så ikke være mit formål med at stille spørgsmålet, for jeg har ikke været med til at indkalde til den her forespørgselsdebat. Jeg vil spørge på en lidt anden måde. Vil det være i strid med EU-retten, hvis den nuværende regering begynder at administrere i overensstemmelse med den gældende lovtekst om børnecheck? LINEBREAK ","56","20161M074_2017-03-28_1300","ORIGINAL"
"11:03","Torsten Gejl (ALT):","Alt det ved jeg godt. Jeg spørger efter begrundelsen og mellemregningerne. Dem vil jeg rigtig gerne høre. Er ordføreren f.eks. enig med den socialdemokratiske ordfører i, at det er, fordi det skaber for meget bøvl for partiforeningerne og dens slags? LINEBREAK ","40","20161M092_2017-05-04_1000","ORIGINAL"
"13:40","May-Britt Kattrup (LA):","Jo, det kan jeg da i den grad godt se. Derfor synes jeg også, at de overordnede rammer skal være at give kommunerne, som er tæt på borgerne, de bedste forudsætninger for at vurdere, hvor mange af de her boliger der skal være indrettet til handicappede. LINEBREAK ","46","20171M011_2017-10-27_1000","ORIGINAL"
"16:45","Torsten Gejl (ALT):","Tak. Det er bare et spørgsmål til kronologien i alt det her. Det er, fordi der bliver talt om fremrykkede delevalueringer, og det lyder, som om der er et rimelig godt tempo, men er det ikke rigtigt, at det i virkeligheden var meningen, at den her reform skulle evalueres i 2017? LINEBREAK ","51","20171M056_2018-02-06_1300","ORIGINAL"
"13:34","Transport-, bygnings- og boligministeren (Ole Birk Olesen):","Det har jeg behov for at dykke nærmere ned i for at kunne svare med fuld sikkerhed på. Men altså, formålet med det her er ikke at overvåge brugerne af transportsystemer. Formålet er at hindre angreb på transportsystemerne, så det er jo slet ikke brugerdata, der er væsentlige her. Det er udefrakommende angreb, som er væsentlige her. LINEBREAK ","57","20171M060_2018-02-20_1000","ORIGINAL"
"15:39","Udlændinge- og integrationsministeren (Inger Støjberg):","Altså, man må sige, at det ikke er så tit, at jeg står og er fuldstændig rørende enig med en radikal, men det sker så i dag. Jeg er fuldstændig enig i det, der bliver sagt. Så lad det her på en eller anden måde være en mærkedag. Jeg mener bestemt også, at der er rigeligt med bureaukrati. LINEBREAK ","58","20161M102_2017-05-24_1300","ORIGINAL"
"23:02","Ældreministeren (Thyra Frank):","Jeg mener stadig væk, at det er kommunen, der er bedst til at tilrettelægge arbejdstiden. Der er altid plads til forbedring, og jeg håber også, at man som kommune vil se på, hvordan andre kommuner gør, og at man kan lære af hinanden, men jeg anerkender fuldstændig det kommunale selvstyre og vil ikke gå ind i det. LINEBREAK ","57","20161M097_2017-05-16_1300","ORIGINAL"
"10:27","Christian Juhl (EL):","Jeg har ingen kommentarer til indholdet af forslaget. Jeg vil bare gerne høre ministeren, hvorfor det er et tilbagevendende problem ikke bare at overholde de frister, der er nødvendige, for at både Grønland og Færøerne kan behandle forslagene, men også generelt at overholde høringsfrister om de ting, vi har til behandling her i salen. LINEBREAK ","54","20181M068_2019-03-01_1000","ORIGINAL"
"16:10","Ældreministeren (Thyra Frank):","Hvis det handler om, at der er en udfordring med den kommunale udligning, så er det klart, at spørgsmålet skal stilles til økonomi- og indenrigsministeren. Her vil jeg bare om økonomien for de ældre sige, at regeringen har prioriteret det højt. LINEBREAK ","41","20181M062_2019-02-20_1300","ORIGINAL"
"13:42","Henrik Dahl (LA):","Selvfølgelig vil de med særinteresser altid varetage deres interesser for at få tilført flere midler. Det har de altid gjort, og det vil de formentlig blive ved med, men det tager jeg koldt og roligt, fordi der som sagt ikke er nogen sammenhæng mellem pris og kvalitet generelt i den danske offentlige sektor. LINEBREAK ","53","20171M034_2017-12-14_1000","ORIGINAL"
"13:18","Finn Sørensen (EL):","Tak. Men hvad sker der lige for Liberal Alliance? Altså, jeg kan da i hvert fald forstå af en artikel, jeg har læst, af 16. januar 2018, at Liberal Alliances skatteordfører, Joachim B. Olsen, kalder Dansk Folkepartis forslag for udmærket og umiddelbart fornuftigt. Så hvad sker der lige? LINEBREAK ","48","20171M063_2018-02-23_1000","ORIGINAL"
"19:01","Ældreministeren (Thyra Frank):","Der er ingen tvivl om, at den demografiske udvikling også er en stor udfordring, og det anerkender vi i regeringen. Det vil stille nye krav til ældreomsorgen og den økonomi, der er forbundet hermed. Derfor vil vi følge udviklingen på ældreområdet tæt, så det fremover også kan sikres, at ældre tilbydes en værdig pleje. LINEBREAK ","54","20161M070_2017-03-21_1300","ORIGINAL"
"16:10","Ældreministeren (Thyra Frank):","Da jeg var leder af plejehjemmet Lotte, var det vores sundhedsfaglige vurdering, at det fungerede med, at vores personale, som var sygeplejersker, selv doserede beboernes medicin. Man kan jo altid arbejde med forbedringer, og det forventer jeg selvfølgelig også at alle plejehjem er optaget af. LINEBREAK ","45","20161M061_2017-02-22_1300","ORIGINAL"
"11:49","Henrik Dahl (LA):","Det skal forstås sådan, at jeg synes, at universiteternes selvstyre er vigtigt, men der er ingen forskningsminister, der ville få vrøvl med mig, hvis hun eller han anlagde en aktivistisk linje og spurgte bestyrelserne, om de her latterlige navne var strengt nødvendige, når navneforslagene bliver indsendt. LINEBREAK ","46","20171M051_2018-01-26_1000","ORIGINAL"
"13:54","Udlændinge- og integrationsministeren (Inger Støjberg):","Ja, det er bl.a. på grund af de ydre grænser og i høj grad på grund af dem, men mit syn på det er nu engang sådan, at vi skal blive ved med at have grænsekontrol, lige så længe det er nødvendigt, og det er klart, at de ydre grænser er en meget væsentlig faktor i det. LINEBREAK ","57","20161M098_2017-05-17_1300","ORIGINAL"
"15:45","May-Britt Kattrup (LA):","Det er jeg helt enig i, fuldstændig. Det gælder alt. Det skal altid være en individuel faglig vurdering, og som jeg også sagde før, skal man aldrig generalisere, og alle skal have en chance. Det vigtigste er da helt klart, at man går ind og laver en individuel faglig vurdering, bestemt. LINEBREAK ","51","20181M043_2019-01-10_1000","ORIGINAL"
"13:39","Alex Ahrendtsen (DF):","Jeg synes, at ordføreren er lidt reaktionær: Der må slet ikke ske nogen forandring. Det er ikke sidste gang. Altså, jeg bliver først tilfreds, når Københavns forbrug på kultur er sammenligneligt med det, som andre storbyer i Danmark bruger på kultur pr. indbygger – Aarhus, Odense, Aalborg. LINEBREAK ","47","20171M067_2018-03-02_1000","ORIGINAL"
"11:20","Christian Juhl (EL):","Jeg vil gerne høre ordføreren, om sætningen hedder, at dem, der kan, skal arbejde mere, eller den hedder, at dem, der kan, skal have mulighed for at arbejde mere. Der er stor forskel på det. Jeg mener, at de har mulighed i dag, men de er ikke tvunget til det. LINEBREAK ","50","20161M080_2017-04-07_1000","ORIGINAL"
"11:31","Finn Sørensen (EL):","Så skal jeg bare kvittere for det klare svar, for det var ligesom ikke med i ordførerens tale, eller også hørte jeg ikke ordentligt efter. Men nu har jeg fået et tilsagn, i hvert fald om at være åben over for det. Så tak for det. LINEBREAK ","46","20161M084_2017-04-21_1000","ORIGINAL"
"13:36","Transport-, bygnings- og boligministeren (Ole Birk Olesen):","Jamen igen: Lovforslagets formål er ikke at benytte data på rejsende. Lovforslagets formål er at sikre imod cyberangreb på informationssystemer i transportsektoren. Altså, det handler ikke om, hvem der er gået ind i og ud af Københavns Lufthavn. Det handler om, om der er cyberangreb på Københavns Lufthavns it-systemer, og det er jo noget ganske andet. LINEBREAK ","56","20171M060_2018-02-20_1000","ORIGINAL"
"13:46","Christian Juhl (EL):","Tak. Jeg vil gerne spørge ordføreren, om ikke hun synes, det er besynderligt, at stort set alle socialdemokratiske borgmestre i det her land har en dagsorden, hvor man netop har fjernet brugen af tredjeperson og taler mere direkte til hinanden og dermed har et mere levende sprog i byrådene, og det samme gælder i regionsrådene. LINEBREAK ","55","20161M104_2017-05-30_1300","ORIGINAL"
"13:59","Transport-, bygnings- og boligministeren (Ole Birk Olesen):","Jeg har ikke hørt hr. Villum Christensen problematisere det, at pengene kommer fra en bestemt regulering af overførselsindkomsterne. Det, jeg har hørt ham problematisere, er selve uddelingen af penge fra satspuljen, og det kan man jo altid have en diskussion om. LINEBREAK ","41","20171M060_2018-02-20_1000","ORIGINAL"
"12:44","Finn Sørensen (EL):","Tak. Så var det da godt, at jeg spurgte, for det skal altså forstås sådan, at ordføreren egentlig står samme sted som fru Laura Lindahl fra Liberal Alliance, nemlig at det ikke skal være nemmere at få førtidspension, end det fremgår af loven i dag. LINEBREAK ","45","20181M082_2019-04-05_1000","ORIGINAL"
"13:07","Carsten Bach (LA):","Spørgeren nævner gældende regler, men med dispensation, men med et statsligt overformynderi i forhold til, hvad man må, og hvad man ikke må på sin egen ejendom, og det er ifølge mig og Liberal Alliance ikke formålstjenligt, at staten på den måde lægger sin klamme hånd ned over privatsfæren. LINEBREAK ","49","20161M054_2017-02-02_1000","ORIGINAL"
"13:50","Udenrigsministeren (Anders Samuelsen):","Der bliver fulgt op løbende fra Kommissionens side og fra de embedsmandsudvalg, som der er, og det er vigtigt, at der bliver fulgt op. Det gør vi også fra dansk side igennem den dialog, som vi løbende har, når jeg f.eks. mødes med den tyrkiske udenrigsminister. Så der bliver fulgt op på rigtig mange områder. LINEBREAK ","55","20171M105_2018-05-31_1000","ORIGINAL"
"14:32","Carsten Bach (LA):","Jeg anerkender fuldstændig og vil også meget gerne gøre det her fra talerstolen nu, at der kan være visse andre uheldige omstændigheder i forbindelse med atomkraft, men jeg mener måske ikke, at diskussionen er helt så relevant, så jeg tror, at jeg vil prøve at afmontere diskussionen om atomkraft i Folketingssalen, i hvert fald for i dag. LINEBREAK ","57","20161M014_2016-11-10_1300","ORIGINAL"
"13:23","Udenrigsministeren (Anders Samuelsen):","Nu er det jo sådan set for at sige det ligeud femte gang, jeg får det samme spørgsmål, og derfor bliver svaret også det samme. Det kan jo ikke undre. Så jeg vil sige to ting: 1) Det catalanske spørgsmål er et internt spansk anliggende. 2) Jeg har tillid til det spanske retsvæsen. LINEBREAK ","53","20181M005_2018-10-10_1000","ORIGINAL"
"18:19","Finn Sørensen (EL):","Tak, og tak til ordføreren. Jeg deler jo fuldstændig ordførerens beskrivelse af værdierne i at lave en frivillig indsats. Jeg vil bare gerne have, at ordføreren bekræfter, at der i den gældende lovgivning ikke er nogen som helst begrænsninger for, hvilken frivillig indsats og hvilke frivillige aktiviteter borgere i dette land kan udføre, herunder ledige og efterlønsmodtagere. LINEBREAK ","57","20161M094_2017-05-09_1300","ORIGINAL"
"19:25","Benny Engelbrecht (S):","Nu er jeg ret sikker på, at hr. Finn Sørensen sigter på regeringens økonomiske politik, altså, at der, som finansministeren redegjorde for, skal være en offentlig vækst på 0,3 pct., og der er det i hvert fald min klare vurdering, at det ikke er tilstrækkeligt til, at man kan løfte det demografiske træk. LINEBREAK ","53","20161M081_2017-04-18_1300","ORIGINAL"
"17:58","May-Britt Kattrup (LA):","Bare rolig, jeg har ikke lagt op til en ny runde! Det er blot, fordi jeg lige har fået en besked fra Konservatives ordfører, som meget beklager, at hun ikke kan være her i dag, men hun har bedt mig om at hilse og sige, at Konservative også støtter L 185. LINEBREAK ","51","20161M086_2017-04-26_1300","ORIGINAL"
"13:44","Udlændinge- og integrationsministeren (Inger Støjberg):","Men som jeg sagde, skal der helt, helt særlige begrundelser til. Og det her er jo ikke en ny ting, så det er ikke noget med, at man nu kan begynde med noget. Altså, det her er ikke et nyt fænomen. Men det er ganske, ganske særlige tilfælde, der er tale om. LINEBREAK ","52","20171M069_2018-03-14_1300","ORIGINAL"
"15:20","Carsten Bach (LA):","Det har jo den sammenhæng, som spørgeren også antydede i første bemærkning, nemlig at vi nu indgår i et regeringssamarbejde med to andre partier, og så i øvrigt det lovforslag, som vi tidligere også har debatteret i dag, nemlig L 90, i forhold til afskaffelse af PSO'en og den brede politiske aftale, der er indgået omkring den. LINEBREAK ","57","20161M024_2016-11-29_1300","ORIGINAL"
"14:17","Henrik Dahl (LA):","Men det var noget andet, jeg spurgte til. Jeg spurgte til forholdet mellem saglige og usaglige begrundelser. Altså, hvis vi når frem til, at det er en usaglig begrundelse for at få frataget borgerlige rettigheder, vil man så fra Socialdemokratiets side erkende, at så har man været for hurtig til at gå ind for forslaget? LINEBREAK ","55","20171M076_2018-04-04_1300","ORIGINAL"
"13:10","Benny Engelbrecht (S):","Jeg læser spørgsmålet op: Mener ministeren, at det er normal praksis i Finansministeriet, at man i beregninger af andre partiers politik laver direkte forkerte antagelser, som da ministeren i Politiken den 27. september 2016 påstod, at Togfonden DK ikke skulle gennemføres efter den nye aftale om Togfonden DK? LINEBREAK ","48","20161M005_2016-10-12_1300","ORIGINAL"
"13:18","Henrik Dahl (LA):","Altså, der er jo overhovedet ikke nogen tvivl om, hvor den her sag står moralsk, men det er jo som regel sådan, at blot der er en fare for en eller anden form for procesrisiko i forhold til f.eks. EU, vælger man i regeringen at gå med livrem og seler og sikkerhedssko og beskyttelseshjelm, og derfor gør vi det ikke. LINEBREAK ","60","20171M063_2018-02-23_1000","ORIGINAL"
"15:12","Transport-, bygnings- og boligministeren (Ole Birk Olesen):","Det er også korrekt, at man på områder, som er underlagt kommunalt selvstyre, kan påvirke beslutningerne ved at vælge nogle andre kommunalpolitikere – altså hvis man er utilfreds med den politik, som de siddende kommunalpolitikere fører. Det er en fuldstændig korrekt pointe. LINEBREAK ","42","20161M086_2017-04-26_1300","ORIGINAL"
"11:38","Finn Sørensen (EL):","Tak. Jeg synes, at ordføreren sagde – sådan hørte jeg det i hvert fald – at der p.t. ikke er nogen danskere, der vil tage de job, som flygtningene bliver sendt ud i i virksomhedspraktik. Hvor ved ordføreren det fra? LINEBREAK ","40","20161M089_2017-04-28_1000","ORIGINAL"
"14:23","Udlændinge- og integrationsministeren (Inger Støjberg):","En af de ting, der jo nu skal lægges anderledes vægt på, er, hvornår børns egen tilknytning til Danmark begynder at tælle. Det er jo en ændring, og det ved jeg ikke om hr. Mattias Tesfaye fuldstændig har overset, men det er der jo noget der tyder på. LINEBREAK ","48","20181M036_2018-12-13_1000","ORIGINAL"
"13:53","Udenrigsministeren (Anders Samuelsen):","Det er fuldstændig rigtigt forstået, at det står alt for stille, og det følger vi jo selvfølgelig løbende for at se, hvad vi kan gøre for at få sat gang i processen med de midler, som vi har til rådighed. LINEBREAK ","40","20171M105_2018-05-31_1000","ORIGINAL"
"21:52","Torsten Gejl (ALT):","Jeg giver ordføreren helt ret i, at hjemløsheden ikke kommer på grund af zoneforbuddet. Der er mange grunde til hjemløshed: Kontanthjælpsloft, mangel på boliger, alt muligt. Men ordføreren erkender nu også ærligt, at der er et problem med, at danske hjemløse ikke kan få lov til at sove sammen og skabe tryghed. Så kære ordfører, hvad gør vi ved det? LINEBREAK ","60","20181M083_2019-04-09_1300","ORIGINAL"
"10:57","Ældreministeren (Thyra Frank):","Jeg sætter pris på, at Dansk Folkeparti har været med til at skabe de vilkår, som der er i dag. Det er meget betydningsfuldt. Jeg vil ikke her i dag stå og fortælle om, hvordan de økonomiske rammer vil være i fremtiden, men det er klart, at vi skal sørge for at skabe nogle gode rammer for de ældre. LINEBREAK ","59","20161M062_2017-02-23_1000","ORIGINAL"
"13:19","Henrik Dahl (LA):","Ja, hvad er det lige, der sker? Altså, det er uddannelsesordføreren, der tegner partiet på det her område, og uddannelsesordføreren mener det, som uddannelsesordføreren lige har sagt, og når skatteordføreren siger det, som skatteordføreren siger, så står det for hans egen regning. LINEBREAK ","42","20171M063_2018-02-23_1000","ORIGINAL"
"17:12","Udenrigsministeren (Anders Samuelsen):","Det, der er vores udgangspunkt i den strategi, som vi har lagt, og som er grunden til, at vi stiller os, som vi gør i forhold til beslutningsforslaget, er, at vi har vurderet, hvordan man sikrest kommer i mål med en god aftale. LINEBREAK ","43","20161M090_2017-05-02_1300","ORIGINAL"
"20:59","Christian Juhl (EL):","Nu er det da vist sådan lidt meget at sige, at det har hellig status. Vi er jo i Folketinget, vi er ikke i kirken i øjeblikket. Mener ordføreren, at de nuværende kvalitetskrav til lovgivningen har en hellig status eller er et eller andet besværligt og bureaukratisk noget, som vi ikke har noget at bruge til? LINEBREAK ","56","20161M097_2017-05-16_1300","ORIGINAL"
"16:18","Finn Sørensen (EL):","Tak. Hørte jeg i det sidste, ministeren sagde, en indirekte indrømmelse af, at som loven er formuleret i dag, giver den mulighed for, at arbejdsgiveren kan spekulere lige nøjagtig i aktiekursens udvikling, og at det kan få indflydelse på, hvornår han afskediger lønmodtageren? LINEBREAK ","43","20181M008_2018-10-23_1300","ORIGINAL"
"12:57","Finn Sørensen (EL):","Vi har jo for 1 ½ år siden fremlagt en konkret model for det, jeg står og taler om her. Det er et fuldt finansieret forslag, og det fremgår af forslaget, at det koster ca. 11 milliarder. Det er fuldt finansieret, hovedsagelig ved at øge skattebidraget fra de mennesker, der tjener mest i det her samfund. LINEBREAK ","56","20181M017_2018-11-09_1000","ORIGINAL"
"13:04","Ældreministeren (Thyra Frank):","Jeg er glad for, at reglerne allerede i dag giver den fleksibilitet til kommunerne, at plejehjemmene, uanset om de er offentlige eller private, kan tilbyde ældre, der måske også er ensomme, at købe et måltid mad og spise det sammen med andre. LINEBREAK ","42","20161M095_2017-05-10_1300","ORIGINAL"
"11:02","Henrik Dahl (LA):","Spørgsmålet om, hvor tit man skal bruge en paragraf, indgår aldrig i Liberal Alliances overvejelser over, om en paragraf er nyttig. Vi har også paragraffer om højforræderi og mange andre ting, som vi stort set aldrig bruger, men jeg er glad for, at vi har dem. LINEBREAK ","46","20181M013_2018-11-02_1000","ORIGINAL"
"15:23","Henrik Dahl (LA):","Ordføreren har flere gange nævnt, at ejere af familiedrevne virksomheder har privilegier. Det vil altså sige, at de er stillet ulige i forhold til loven. Privilegier blev afskaffet under en radikal regering i 1919 med lensafløsningsloven. Hvornår er de her privilegier blevet genindført? Det har fuldstændig undgået min opmærksomhed. Måske ordføreren kan fortælle, hvornår man har genindført et privilegie. LINEBREAK ","59","20161M078_2017-04-04_1300","ORIGINAL"
"10:56","Christian Juhl (EL):","Nej, det håber jeg heller ikke, men jeg vil bare gerne vide, om det var konsekvensen for mindretallet, at de så skulle vælge enten tysk eller dansk statsborgerskab og ikke kunne have begge statsborgerskaber i fremtiden, hvis det blev vedtaget. Jeg vil vide konsekvenserne af sådan et forslag. Det er det, jeg spørger om. LINEBREAK ","54","20161M100_2017-05-19_1000","ORIGINAL"
"11:56","Udlændinge- og integrationsministeren (Inger Støjberg):","Jo, vi kender godt til erhvervsuddannelserne, også ovre i Udlændinge- og Integrationsministeriet, men det handler jo om, at så længe man er i en eller anden form for uddannelse, så må man lige vente med at tælle det med. Jeg ser ganske enkelt ingen grund til at ændre på det, det må jeg sige. LINEBREAK ","54","20181M028_2018-11-29_1000","ORIGINAL"
"12:23","May-Britt Kattrup (LA):","Tak for det. Jeg vil da gerne anerkende, at Det Radikale Venstre på det økonomiske område førte en god politik i den tidligere regering, og ordføreren svarede fru Jane Heitmann, at ordføreren gerne ville lave flere reformer, så jeg vil bare høre, hvad det er for nogle reformer, som ordføreren tænker på. LINEBREAK ","52","20181M037_2018-12-14_1000","ORIGINAL"
"13:55","Benny Engelbrecht (S):","Som jeg tilkendegav i min ordførertale, er det her vores grundsynspunkt. Det er også det, vi har indskrevet i vores politiske 2025-plan. Det er klart, at det er det, som er vores basis i forhold til et arbejde, uanset om vi sidder i opposition, som vi gør nu, eller om vi skulle være så heldige at overtage regeringsmagten. LINEBREAK ","58","20171M031_2017-12-08_1000","ORIGINAL"
"16:34","Udlændinge- og integrationsministeren (Inger Støjberg):","Det synes jeg da vi skal overveje. Det er altid en overvejelse værd, hvordan vi gør det her bedre, fordi vi vil helt tydeligvis det samme sted hen, og så er det da bare et spørgsmål om at lade sig inspirere af hinanden. LINEBREAK ","43","20181M031_2018-12-05_1000","ORIGINAL"
"11:52","May-Britt Kattrup (LA):","Nu er det jo sådan, at der er blevet tilført kommunerne flere penge, og det må vi bare konstatere at der er, og jeg vil gerne bede ordføreren bekræfte det og så igen det om, at det er aftalt, at omprioriteringsbidraget på de 2 pct. bliver i kommunerne, selv om det bliver afskaffet fra næste år. LINEBREAK ","56","20171M030_2017-12-07_1000","ORIGINAL"
"16:18","Udlændinge- og integrationsministeren (Inger Støjberg):","Det er klart vores ambition. Jeg tror simpelt hen, at hr. Christian Langballe og jeg fuldstændig deler synet på, at det ikke kan have sin rimelighed, at vi skal tildele folk, der kan være til fare for rigets sikkerhed, et statsborgerskab. Altså, det er en belønning at få et statsborgerskab, og det skal ikke gives til den her type mennesker. LINEBREAK ","60","20171M066_2018-03-01_1000","ORIGINAL"
"13:35","Torsten Gejl (ALT):","Det ville være et utrolig værdifuldt skridt og give en kæmpe værdi til mange af de mennesker, som føler, at administration står i vejen for at finde et job. De Radikales arbejdsmarkedsordfører sagde faktisk på et tidspunkt, at man ville foreslå et frit a-kasse-forsøg ... LINEBREAK ","45","20171M097_2018-05-17_1000","ORIGINAL"
"13:15","Udenrigsministeren (Anders Samuelsen):","Som jeg nævnte i mit indledende svar – det vil jeg godt gentage – er det regeringens opfattelse, at Rusland har en international forpligtelse til at beskytte sine borgere i hele den russiske føderation. Det skal vi minde Rusland om der, hvor vi arbejder med dem, og som jeg sagde, har vi allerede taget sagen op. LINEBREAK ","56","20161M082_2017-04-19_1300","ORIGINAL"
"16:27","Torsten Gejl (ALT):","Nej, men man kan jo trods alt sige, at man regner med, at det har bragt nogle væk. Så kunne det jo være spændende at høre hvor mange. Erkender ordføreren, at her, lang tid efter kontanthjælpsloftet og 225-timersreglen og integrationsydelsens indførelse, er der ikke nogen som helst dokumentation for, at det har bragt nogen som helst i arbejde? LINEBREAK ","58","20181M063_2019-02-21_1000","ORIGINAL"
"15:33","Transport-, bygnings- og boligministeren (Ole Birk Olesen):","De skal inddrives, sådan som de plejer at blive inddrevet, når man tager pant. Det er jeg ikke ekspert i, men jeg ved, at det ikke er et nyt begreb, vi indfører her. Det er et velkendt begreb, som vi trækker på og benytter os af. LINEBREAK ","46","20171M072_2018-03-20_1300","ORIGINAL"
"18:23","Finn Sørensen (EL):","Det synes Enhedslisten stadig væk. Det er bare ikke det, vi diskuterer her. Vi diskuterer, at partierne i den blå blok har gennemført en lovgivning, der er voldsomt indgribende over for udsatte mennesker i det her land, og så forsøger vi at samles med alle de partier, der vil det til livs. LINEBREAK ","52","20161M012_2016-11-08_1300","ORIGINAL"
"17:59","Udenrigsministeren (Anders Samuelsen):","Altså, jeg mener ikke, at jeg på den måde har understreget noget om, at det er et nybrud eller noget som helst andet. Jeg påpegede faktisk det omvendte, nemlig at vi i årtier har indgået handelsaftaler, bilaterale og multilaterale, hvoraf ingen har været bragt til folkeafstemning i Danmark. Det var faktisk det, som jeg lagde vægt på i min besvarelse. LINEBREAK ","60","20161M090_2017-05-02_1300","ORIGINAL"
"11:37","Torsten Gejl (ALT):","Tak for endnu en retorisk okay tale, men jeg synes godt nok, at den kammede over i nærmest arrogance og næsten lidt hån. Mener ordføreren virkelig, at det at deltage i samfundsspørgsmål og det at demonstrere for sin ret i et demokrati er at klynke? LINEBREAK ","45","20181M078_2019-03-29_1000","ORIGINAL"
"13:27","May-Britt Kattrup (LA):","Jeg kan så fortælle, at det forholder sig sådan, at Finansministeriet ikke tager højde for de her ting. Alene ved teknologisk udvikling har man effektiviseret for omkring 500 mio. kr. i kommunerne siden 2014. Det er penge, som bliver i kommunerne, og som man kan bruge til bedre ældrepleje. LINEBREAK ","49","20171M101_2018-05-24_1000","ORIGINAL"
"15:46","Carsten Bach (LA):","Tak for svaret. Skal jeg dermed forstå ordføreren for Venstre således, at det har været en del af de konkrete politiske forhandlinger, at lige præcis organisationen Danmarks Naturfredningsforening skulle have eneret på indstillingen fra ministeren i forhold til at udpege fagpersonen på natur- og miljøområdet? LINEBREAK ","45","20161M012_2016-11-08_1300","ORIGINAL"
"09:14","Benny Engelbrecht (S):","I denne som i alle mulige andre sammenhænge er Socialdemokratiet altid villige til at dukke op til forhandlinger. Det er også klart, at hvis det er sådan, at man ønsker os med, så forventer vi selvfølgelig også, at vi får indflydelse på de ting, der skal aftales. Men hvis det var en invitation, tager vi selvfølgelig glædeligt imod den. LINEBREAK ","59","20161M036_2016-12-14_0900","ORIGINAL"
"15:23","Carsten Bach (LA):","Nu har jeg ikke selv deltaget direkte i drøftelserne om den nye regeringsdannelse, men noget, der også er fremhævet i det nye regeringsgrundlag, er jo netop teknologiudvikling, og Liberal Alliance og jeg selv tror meget på, at nogle af de udfordringer, vi står over for, kan løses via ny teknologi. LINEBREAK ","50","20161M024_2016-11-29_1300","ORIGINAL"
"13:32","Udenrigsministeren (Anders Samuelsen):","Spørgeren konkluderer, præcis hvad spørgeren ønsker at konkludere. Jeg ønsker at forsvare Danmarks interesser som hele landets udenrigsminister. Jeg vil gøre det i et tæt og tillidsfuldt samarbejde, håber jeg, både med Folketingets partier, inkluderende Socialdemokratiet, men også i en tæt og konstruktiv dialog med amerikanerne. Det tror jeg svarer sig bedst for Danmark generelt. LINEBREAK ","55","20161M041_2017-01-11_1300","ORIGINAL"
"11:28","May-Britt Kattrup (LA):","Nu er der ikke kun tale om oplysning, for det er jo det, vi er helt enige om, altså at man kan oplyse og informere og gøre ved. Men vil SF komme med forslag om at ændre lovgivning og regulere yderligere på det her områder? LINEBREAK ","45","20171M042_2018-01-11_1000","ORIGINAL"
"12:44","May-Britt Kattrup (LA):","Set i lyset af, at man har effektiviseret for endnu mere, end der var aftalt, kan det bare undre, at det bliver gjort til sådan et kæmpe problem, at man har aftalt, at der skulle effektiviseres for 2 pct. Hvordan hænger det ligesom sammen i ordførerens optik? LINEBREAK ","47","20161M055_2017-02-03_1000","ORIGINAL"
"15:21","Benny Engelbrecht (S):","Jeg læser op: LINEBREAK Hvordan vil ministeren sikre, at der undgås lovsjusk i forbindelse med behandlingen af ændringsforslag til finansloven for 2019, set i lyset af at finanslovsaftalen på andet år siden 2002 ikke er indgået ved udgangen af november, når man ser bort fra valgåret 2008? LINEBREAK ","46","20181M031_2018-12-05_1000","ORIGINAL"
"15:02","Christian Juhl (EL):","Jeg vil da også gerne være lidt rundhåndet og give ordføreren lidt ekstra taletid. Jeg vil gerne høre, om ordføreren er enig i, at fagforeningerne igen skal have mulighed for at sikre, at fleksjobbere arbejder på overenskomstmæssige vilkår og ikke efter den begrænsede ordning, vi har i øjeblikket. LINEBREAK ","48","20181M017_2018-11-09_1000","ORIGINAL"
"11:19","Torsten Gejl (ALT):","Mange tak. Jeg synes ikke rigtig, hr. Finn Sørensen fik et helt tydeligt svar på sit spørgsmål, så jeg vil lige give ordføreren lejlighed til at blive helt tydelig: Har Venstre droppet at forlænge pensionsalderen yderligere – altså hæve pensionsalderen på et tidligere tidspunkt end planlagt? LINEBREAK ","46","20161M080_2017-04-07_1000","ORIGINAL"
"13:51","Christian Juhl (EL):","Det var egentlig ikke det, jeg spurgte om. Det var noget med, hvordan ordføreren mener respekten og ordentligheden er i byråd, regionsråd, Nordisk Råd og udvalg osv. Så vil jeg godt tilføje, om ikke også ordføreren er opmærksom på, at sproget blandt danskere faktisk udvikler sig, selv om man taler ordentligt til hinanden i langt de fleste forsamlinger. LINEBREAK ","58","20161M104_2017-05-30_1300","ORIGINAL"
"12:41","Benny Engelbrecht (S):","Det er fuldstændig korrekt, at det er rigtigt, og det er også derfor, det er forkert, når både Konservative og Venstre tidligere har fremhævet, at der skulle være en særlig økonomisk nødvendighed i at skulle hæve pensionsalderen. Det er ganske enkelt forkert. LINEBREAK ","42","20161M080_2017-04-07_1000","ORIGINAL"
"13:11","Christian Juhl (EL):","Er ordføreren uenig i, at vi nu strammer en vigtig lovgivning, men at vi strammer den på et skønsbaseret, administrativt grundlag og ikke på et retsbaseret grundlag og heller ikke på et grundlag, som der er dokumentation for, at der er behov for? LINEBREAK ","43","20181M063_2019-02-21_1000","ORIGINAL"
"13:05","May-Britt Kattrup (LA):","Jeg beklager, men jeg bliver simpelt hen nødt til at stille fru Jane Heitmann et spørgsmål, for hun fortæller, at hun har tre børn, og at hun aldrig vil tillade, at nogen skærer i dem, men hun vil gerne tillade, at der bliver skåret i andres børn. Jeg skal bare lige høre, hvordan det hænger sammen. LINEBREAK ","56","20181M025_2018-11-23_1000","ORIGINAL"
"13:46","Udlændinge- og integrationsministeren (Inger Støjberg):","Den sidste del af spørgsmålet behøver jeg så ikke at svare på, for den første del af spørgsmålet vil jeg svare sådan her på: Vi har grænsekontrol til Tyskland, og det har vi, fordi der ikke er styr på de ydre grænser til Europa. LINEBREAK ","44","20161M098_2017-05-17_1300","ORIGINAL"
"17:01","Udenrigsministeren (Anders Samuelsen):","Det har jeg ikke nået at sætte mig ind i, inden jeg kom op på denne talerstol. Men hvis jeg husker mine 50 første dage ret, var der travlt, og det har der sikkert også været for hr. Holger K. Nielsen, fordi der er en del, man lige skal have sat sig ind i. LINEBREAK ","54","20161M073_2017-03-24_1000","ORIGINAL"
"16:34","Ældreministeren (Thyra Frank):","Som jeg sagde før, er det klart, at vi på Lotte forsøgte at rette op som følge af anmærkningerne, og der blev også rettet op på en del af forholdene. Men jeg burde have haft et skarpere fokus på, at der blev rettet op på forholdene med det samme. LINEBREAK ","49","20161M065_2017-03-01_1300","ORIGINAL"
"16:42","Alex Ahrendtsen (DF):","Venstres ordfører synes, at det er formynderisk at inddrage beboerne. Kunne man ikke vende det om og sige, at det er formynderisk, at det er en ganske lille bestyrelse, der på vegne af en hel blok afgør, hvad der skal stå i det offentlige rum af kunst? LINEBREAK ","47","20161M086_2017-04-26_1300","ORIGINAL"
"18:45","Alex Ahrendtsen (DF):","Det er et meget snedigt spørgsmål, og jeg ved også godt, hvad SF's ordfører hentyder til. Sagen er, at den tidligere regering, støttet af bl.a. SF, jo lagde grunden til det, som ordføreren hentyder til. Det er en uskik, men man har selv beredt vejen. LINEBREAK ","45","20181M006_2018-10-11_1000","ORIGINAL"
"10:59","Udenrigsministeren (Anders Samuelsen):","Der er ikke med det her forslag ændret noget, i forhold til hvad der har været vurderet som sikre lande før og hvad der vurderes at være sikre lande fremover. Så det, der har gjaldt for Tyrkiet hidtil, gælder selvfølgelig også fremover. LINEBREAK ","42","20171M036_2017-12-19_1000","ORIGINAL"
"15:18","Udlændinge- og integrationsministeren (Inger Støjberg):","Altså, jeg kan sådan set bare gentage mit svar til hr. Martin Henriksen. Og jeg vil sige, at hvis man indførte det beslutningsforslag, som er fremsat her fra Dansk Folkepartis side, så er vi ude af Dublinsamarbejdet, og det mener jeg ganske enkelt ikke er ønskværdigt for Danmark. LINEBREAK ","48","20161M072_2017-03-23_1000","ORIGINAL"
"13:16","Henrik Dahl (LA):","Grunden til, at vi i Liberal Alliance har et system med ordførere, er at sikre, at de enkelte MF'er er sådan nogenlunde godt inde i sagerne, inden de udtaler sig om dem. Så hvad folk, der ikke er ordførere, har lyst til at sige, må stå for deres egen regning. Den, der tegner partiet i de her spørgsmål, er mig. LINEBREAK ","60","20171M063_2018-02-23_1000","ORIGINAL"
"15:40","Christian Juhl (EL):","Tak for det. Jeg kan forstå på Dansk Folkeparti, at de bakker op om Socialdemokratiets forslag, som hr. Leif Lahn Jensen sagde lige før. Men er det ikke hr. Bent Bøgsteds opfattelse, at det forslag er på kollisionskurs med velfærdsforliget fra 2006? LINEBREAK ","42","20181M057_2019-02-05_1300","ORIGINAL"
"14:57","Christian Juhl (EL):","Jeg kunne godt tænke mig at høre, hvad De Konservative synes vi har lært af overenskomstindgrebet i 2013, hvor der kom et ensidigt indgreb fra regeringens side, og hvor der også var en ensidig lockout fra den samme regerings side. Så vidt jeg husker, støttede De Konservative på det tidspunkt begge initiativer. LINEBREAK ","52","20171M081_2018-04-12_1000","ORIGINAL"
"13:07","Benny Engelbrecht (S):","Men der er jo så den klare forståelse fra ministerens side, at der derudover også er andre elementer i spil. Det er i hvert fald det, som ministeren også tidligere har bekræftet. LINEBREAK Kender ministeren fortilfælde, hvor en regering sådan igennem flere måneder ikke har villet fortælle, hvor den ville finde så store milliardbesparelser til konkret finansiering af skattelettelser? LINEBREAK ","58","20171M015_2017-11-08_1300","ORIGINAL"
"19:42","May-Britt Kattrup (LA):","Nej, vi skal bestemt ikke blæse på lovbrud, og det har jeg allerede svaret på en gang. Gældende lovgivning skal overholdes, og det er detailhandelens ansvar at overholde den lovgivning, der er. Og lovgivningen siger, at man ikke må sælge cigaretter til børn og unge under 18 år. Og det er detailhandelens pligt at overholde den gældende lovgivning. LINEBREAK ","58","20171M070_2018-03-15_1000","ORIGINAL"
"14:01","Transport-, bygnings- og boligministeren (Ole Birk Olesen):","Det er jo delvis en genfremsættelse af spørgsmålet, som jeg allerede har fået, så jeg kan bare tilføje dette: Investeringsplan 2030 udgør et solidt fundament for de kommende års infrastrukturudvikling og dermed den danske samfundsøkonomi, og det kan jeg som liberal politiker bakke hundrede procent op om. LINEBREAK ","47","20181M074_2019-03-20_1300","ORIGINAL"
"13:02","Udenrigsministeren (Anders Samuelsen):","Jeg synes, at jeg meget klart har tilkendegivet, med hvilken bekymring vi fra dansk side ser på situationen, og det, at vi også gør det samlet gennem EU, synes jeg er et meget, meget klart og stærkt signal at sende. LINEBREAK ","40","20171M041_2018-01-10_1300","ORIGINAL"
"17:21","Carsten Bach (LA):","Jeg mener igen ikke, at den slutning vedrørende lukning af danske havnebyer, eller at vi ser mindre aktivitet i visse danske havnebyer, nødvendigvis kan paralleliseres hundrede procent med udviklingen i fiskerierhvervet. Og så mener jeg sådan helt principielt set ikke, at vi fra politisk side skal holde hånden under eller over noget erhverv i Danmark overhovedet. LINEBREAK ","56","20181M026_2018-11-27_1300","ORIGINAL"
"13:01","Benny Engelbrecht (S):","Tak, formand. Er det fortsat ministerens og regeringens ønske ikke at fremlægge konkrete initiativer, der skal medføre den foreslåede besparelse i overførselssystemet på 5,25 mia. kr. i 2025, eller kan ministeren løfte sløret for, hvornår regeringen vil fremlægge konkrete elementer herfor, så både danskerne og Folketinget kan tage stilling til regeringens politik? LINEBREAK ","52","20171M015_2017-11-08_1300","ORIGINAL"
"13:15","Alex Ahrendtsen (DF):","Tak. Jeg skal bare lige forstå det rigtigt: Når arbejdet, som regeringen og ministeren har sat i gang, er afsluttet, er man egentlig ret positive over for at skabe en anden og bedre fordeling, så der er en balance mellem hovedstaden og Odense/Aarhus i de kunstneriske uddannelser. Er det rigtigt forstået? LINEBREAK ","51","20171M067_2018-03-02_1000","ORIGINAL"
"16:13","Torsten Gejl (ALT):","Jeg vil sige tak for, at det bliver påpeget. Vi er jo ved at gøre de punkter, vi skal sende ud til vores medlemmer, klar – både for og imod – og der er det da klart at vi lige vil se en ekstra gang på det punkt. LINEBREAK ","48","20171M058_2018-02-08_1000","ORIGINAL"
"13:19","Udenrigsministeren (Anders Samuelsen):","Der er indgået nogle aftaler på nuværende tidspunkt. Eurolandene har været med til – hvad hedder det – at spille en afgørende rolle i udarbejdelsen af den aftale, der er indgået mellem Grækenland og långiverne, og det er den situation, jeg arbejder ud fra som udenrigsminister. LINEBREAK ","46","20161M049_2017-01-25_1300","ORIGINAL"
"12:03","Ældreministeren (Thyra Frank):","Det er jo sådan, at der er en del af de kommuner, som har indgået de her aftaler, som stadig væk er på begge modeller, udbudsmodellen og godkendelsesmodellen, og nu ser vi på, hvad vi kommer frem til ved de her undersøgelser, og ud fra det må vi handle. LINEBREAK ","49","20161M084_2017-04-21_1000","ORIGINAL"
"10:25","Torsten Gejl (ALT):","Jeg spørger egentlig ikke, for at ordføreren skal forsvare det. Jeg spørger mere, fordi jeg virkelig lurer på, hvorfor det er indført, hvad meningen er med det. Hvad er ordførerens holdning til det? Hvorfor indfører man den her lille ting? LINEBREAK ","40","20161M042_2017-01-12_1000","ORIGINAL"
"13:35","Udenrigsministeren (Anders Samuelsen):","Jeg synes ikke, at det er det rigtige sted at konkludere på det. Jeg mener, at den rigtige måde at håndtere det her på stadig væk er inden for de rammer, som vi kender i dag. Det er der, hvor vi har den største mulighed for samlet at udøve den rigtige indflydelse. LINEBREAK ","52","20171M010_2017-10-26_1000","ORIGINAL"
"14:35","Benny Engelbrecht (S):","Det er jo helt fair, at man ikke kan afklare det, førend der har været en drøftelse af det i gruppen, så jeg synes, det er helt i orden at komme med det svar. Det vil jeg bare anerkende og sige tak for. LINEBREAK ","43","20171M081_2018-04-12_1000","ORIGINAL"
"14:55","Benny Engelbrecht (S):","Jeg må altså forstå, at hr. Kristian Thulesen Dahl åbenbart er at sammenligne med en tordensky i Liberal Alliances univers. Jeg skal bare forstå det ret: Forventer hr. Simon Emil Ammitzbøll altså, at Dansk Folkeparti vil stille sig anderledes efter et folketingsvalg, hvis et sådant kommer omkring juletid? LINEBREAK ","48","20161M003_2016-10-06_1000","ORIGINAL"
"14:14","Finn Sørensen (EL):","Jeg har ikke brugt vendingen, at vi kan være et hundrede procent sikre på, at de er upartiske, for en sådan garanti kan man ikke give for nogen mennesker. Den kan man heller ikke give for de mennesker, der er udpeget af Integrationsministeriet. LINEBREAK ","43","20161M004_2016-10-11_1300","ORIGINAL"
"13:31","Alex Ahrendtsen (DF):","Spørgsmålet er: Hvad er ministerens holdning til, at Slots- og Kulturstyrelsen har givet dispensation og dermed tilladelse til at bygge nyt oven på de gamle fæstningsmure på det fredede areal omkring Nyborg Slot, mens samme styrelse har afvist at affrede Vikingeskibsmuseets bygning, så der kan ske en om- og nybygning af hensyn til de 1.000 år gamle vikingeskibe? LINEBREAK ","58","20171M076_2018-04-04_1300","ORIGINAL"
"15:08","Christian Juhl (EL):","Tak for det. Vil ministeren følge det hollandske parlaments eksempel og finde en løsning for, at danske statsborgere med fødested i udlandet kan få angivet det sted, de kan dokumentere er deres fødested, som fødselsregistreringssted i deres pas og kørekort, uagtet fødestedets nuværende officielle navn? LINEBREAK ","45","20181M062_2019-02-20_1300","ORIGINAL"
"18:24","May-Britt Kattrup (LA):","Det var sådan set slet ikke spørgsmålet, for det har slet ikke noget med ministeren at gøre. Det har noget at gøre med de konsekvenser, som ordføreren står og fremfører, så kan ordføreren bare bekræfte, at det er sket under det nuværende forbud, og om forbuddet så har en virkning. LINEBREAK ","50","20171M094_2018-05-09_1300","ORIGINAL"
"21:04","Carsten Bach (LA):","Jeg kan i hvert fald opklare det så langt, at Liberal Alliance er en del af den siddende trekløverregering. Hvad for en stillingtagen de øvrige partier i Folketinget har til det konkrete beslutningsforslag, er jo et spørgsmål, fru Ida Auken skal stille til de øvrige partiers ordførere. LINEBREAK ","47","20181M065_2019-02-26_1300","ORIGINAL"
"13:06","Benny Engelbrecht (S):","Tak, formand. Vil ministeren henset til ministerens eget svar på spørgsmål 305 til Finansudvalget, hvorefter man i 2016 ikke havde den offentlige vækst, som den daværende Venstreledede regering lagde op til, forholde sig til, om den nuværende regering forventer at kunne leve op til det meget beskedne vækstmål i offentligt forbrug på 0,3 pct.? LINEBREAK ","54","20161M098_2017-05-17_1300","ORIGINAL"
"12:44","Benny Engelbrecht (S):","Så leder det mig naturligvis hen til det spørgsmål, som jo selvfølgelig også trænger sig på, nemlig: Hvis en sådan finanslovsaftale lander, som ordføreren siger, i løbet af få timer, vil det så være en finanslovsaftale, som vil kunne leve op til det, som vi ønsker i forbindelse med beslutningsforslaget, altså at man lever op til det demografiske træk? LINEBREAK ","59","20171M031_2017-12-08_1000","ORIGINAL"
"17:13","Transport-, bygnings- og boligministeren (Ole Birk Olesen):","Jeg er lidt hæmmet af, at jeg, mens jeg lyttede til hr. Kaare Dybvad, forsøgte at finde det spørgsmål, som hr. Kaare Dybvad stillede. Så måske kunne jeg få det stillet en gang til, fordi det her er en ny situation for mig. LINEBREAK ","43","20161M031_2016-12-07_1300","ORIGINAL"
"15:54","Christian Juhl (EL):","Undskyld, at jeg rejste mig op før tid, men det var kun for at være klar. Jeg ville høre, om det er noget, som man kan etablere i Grønland, eller om der skal være et samarbejde med f.eks. universiteter i Danmark, for at den her opgave kan løses. LINEBREAK ","48","20161M106_2017-06-01_1000","ORIGINAL"
"15:10","Udlændinge- og integrationsministeren (Inger Støjberg):","Jeg har i hvert fald hørt opfordringen. Om den bliver imødekommet, kan jeg ikke sådan helt stå og sige i dag. Jeg kan i hvert fald sige, at Dansk Folkeparti og regeringen agter at sætte sig sammen nu her meget, meget snart. LINEBREAK ","42","20181M036_2018-12-13_1000","ORIGINAL"
"16:59","Udenrigsministeren (Anders Samuelsen):","Jeg kan ikke på stående fod sige det. Jeg tvivler på, at det er noget, der bare lige pludselig er sat i gang her under min ledelse, men vil jeg faktisk ikke kunne svare hundrede procent på heroppe fra talerstolen, men jeg vil gerne svare på det i et skriftligt svar. LINEBREAK ","51","20161M073_2017-03-24_1000","ORIGINAL"
"18:43","Finn Sørensen (EL):","Det vil jeg gerne takke for. Det havde jeg sandelig også regnet med, men jeg skal jo passe på med at udtale mig på vegne af en ordfører, som ikke er til stede, fra et andet parti. Det kan jo give en frygtelig ballade. Det vil jeg nødig have med den person, det drejer sig om. LINEBREAK ","56","20181M086_2019-04-23_1300","ORIGINAL"
"13:04","Udenrigsministeren (Anders Samuelsen):","Som sagt følger vi løbende udviklingen og vurderer, på hvilken måde vi skal reagere. Jeg har i dag redegjort for de initiativer, som vi har taget, og omtalte den løbende dialog, som vi har med Iran, og som vi selvfølgelig også følger op på. LINEBREAK ","44","20171M041_2018-01-10_1300","ORIGINAL"
"12:13","Alex Ahrendtsen (DF):","Hvad kunne det være, det skulle afhænge af? Det må ordføreren godt komme lidt nærmere ind på. Er det pengene? Er det, hvor det skal være? Er det andre ting? Rent principielt kan man godt forholde sig til ideen om en sprogtermbank, så hvad er det, beslutningen afhænger af? Hvad er det, holdningen afhænger af? Jeg er ikke helt med. LINEBREAK ","60","20171M067_2018-03-02_1000","ORIGINAL"
"16:47","Alex Ahrendtsen (DF):","Tak til hr. Mogens Jensen. Det er jo glædeligt med støtten. LINEBREAK Jeg har bare et enkelt spørgsmål: Er det ikke rigtigt, at med dette lovforslag og med regeringens ændringsforslag vil det blive noget lettere for Vikingeskibsmuseet at få igangsat hele processen med en ny bygning, og at det derfor er et glimrende initiativ, selv om der er kommet nogle ændringsforslag? LINEBREAK ","60","20161M094_2017-05-09_1300","ORIGINAL"
"13:58","Henrik Dahl (LA):","Det er meget heldigt, at der bliver lavet et forsøg, for hele meningen med et forsøg er jo, at man laver en forsøgsmæssig opstilling, indhenter nogle oplysninger, ser, hvordan tingene falder ud, sammenligner med, hvordan den øvrige virkelighed er, og så kan man drage sin konklusion derfra. Så nu må vi se, hvordan forsøget falder ud. LINEBREAK ","56","20161M063_2017-02-24_1000","ORIGINAL"
"11:52","Alex Ahrendtsen (DF):","Det har jeg lidt svært ved at svare på, men jeg vil gerne kigge nærmere på det, når ordføreren lægger det frem. Jeg har svært ved at sige ja eller nej til det her fra talerstolen. Det kommer også an på, hvilke resultater ministerens forsøg viser. Jeg beklager, at jeg ikke kan komme nærmere ind på det. LINEBREAK ","57","20161M073_2017-03-24_1000","ORIGINAL"
"18:21","Alex Ahrendtsen (DF):","Ordføreren siger, at Alternativet gerne vil borgerinddragelse, men at det ikke skal være en bestemt, men en hel vifte af forskellige former for inddragelse – det er man positive over for. Betyder det så, at man også er positive over for folkeafstemninger, som et instrument blandt rigtig mange borgerinddragelsesinstrumenter? LINEBREAK ","49","20171M079_2018-04-10_1300","ORIGINAL"
"16:25","Ældreministeren (Thyra Frank):","Som jeg sagde før, var det vores sundhedsfaglige vurdering, at det fungerede fint, at vores personale, som var sygeplejersker, selv doserede beboernes medicin. Så medicinhåndteringen skal tilrettelægges, så det på det enkelte plejehjem giver mening, og inden for de regler og vejledninger, der er fastsat fra centralt hold. LINEBREAK ","48","20161M061_2017-02-22_1300","ORIGINAL"
"14:13","Udlændinge- og integrationsministeren (Inger Støjberg):","Jeg kan garantere for, at jeg vil følge det skarpt, og jeg forstår udmærket godt den problemstilling, hr. Henrik Brodersen rejser her. Og jeg vil sige det så klart, at jeg mener, det er nødvendigt fortsat at have en stram udlændingepolitik i Danmark, og jeg nyder også at føre den sammen med Dansk Folkeparti. LINEBREAK ","54","20161M102_2017-05-24_1300","ORIGINAL"
"16:35","Ældreministeren (Thyra Frank):","Når Sundhedsstyrelsen vurderer, at noget på et plejehjem ikke foregår, som det skal, så skal der rettes op på det, og det skal gøres med det samme. Jeg burde have haft et skarpere fokus på, at der blev rettet op, og at det gik så hurtigt som overhovedet muligt. LINEBREAK ","49","20161M065_2017-03-01_1300","ORIGINAL"
"16:33","Ældreministeren (Thyra Frank):","Jamen endnu en gang må jeg svare, at da jeg var leder på Lotte, var det vores sundhedsfaglige vurdering, at det fungerede fint, at vores personale, som var sygeplejersker, selv doserede beboernes medicin. Man kan jo altid arbejde med forbedringer, og det forventer jeg også at alle plejehjem er optaget af. LINEBREAK ","51","20161M061_2017-02-22_1300","ORIGINAL"
"09:41","Udlændinge- og integrationsministeren (Inger Støjberg):","Jamen det er det også. Men i det ligger der jo også, at man selvfølgelig med respekt takker for det statsborgerskab, som man har fået. Men det er fuldstændig rigtigt, at det jo er en forudsætning for at få dansk statsborgerskab, at man giver hånd. Det er først i det øjeblik, håndtrykket falder, at man bliver dansk statsborger. LINEBREAK ","58","20181M040_2018-12-20_0900","ORIGINAL"
"11:16","Finn Sørensen (EL):","Jo, det er jo rigtigt, at man for at leve op til de rigide krav, der lægges ned oven fra, iværksætter forskellige aktiviteter bare for at leve op til det. Og det er da i hvert fald ikke et godt styringsredskab. LINEBREAK ","41","20161M107_2017-06-02_0900","ORIGINAL"
"13:59","Benny Engelbrecht (S):","Jeg skal lige være sikker på, at ministeren er klar. Jeg læser spørgsmålet op: Vil ministeren redegøre for, om han fortsat mener, at der er et besparelsespotentiale i den offentlige sektor på 10 pct., og i så fald hvordan og hvornår ministeren vil gennemføre de besparelser? LINEBREAK ","46","20161M041_2017-01-11_1300","ORIGINAL"
"16:18","May-Britt Kattrup (LA):","Gør det noget indtryk på fru Stine Brix, at et plejehjem i en kommune kan gøre det rigtig godt, mens et andet plejehjem i samme kommune med samme økonomiske rammer ikke kan gøre det lige så godt? Kunne den måde, man gør det på, have noget at sige, så det ikke kun handler om, hvor mange ressourcer man får tildelt? LINEBREAK ","60","20171M018_2017-11-14_1300","ORIGINAL"
"16:35","Henrik Dahl (LA):","Det er jo så ikke en udvidelse af den økonomiske ramme, det er bare en ajourføring af den økonomiske ramme. Så jeg kan altså konkludere, at der ikke vil ske en udvidelse af den økonomiske ramme, der vil ske en ajourføring af den økonomiske ramme, hvis der skulle komme en socialdemokratisk regering. LINEBREAK ","52","20171M083_2018-04-17_1300","ORIGINAL"
"14:06","Benny Engelbrecht (S):","Tak for svaret. Som sagt er det jo ikke sådan, at vi bliver utrolig uenige om, at der ikke er et aktuelt behov for at sænke selskabsskatten, og det er jeg faktisk meget tilfreds med ministeren også har slået fast, og derfor har jeg ikke yderligere. LINEBREAK ","46","20161M069_2017-03-15_1300","ORIGINAL"
"13:02","May-Britt Kattrup (LA):","Som jeg har læst det, er det konklusionen af jeres forslag, og det står også i bemærkningerne, at man ønsker at begrænse brugen af private leverandører. Hvis jeg har læst det forkert, beklager jeg, og så er det da kun glædeligt. LINEBREAK ","41","20161M084_2017-04-21_1000","ORIGINAL"
"14:44","Henrik Dahl (LA):","Sandsynligheden for at blive kvoteflygtning i Danmark, hvis man ser på det totale antal af flygtninge i verden, er dårligere end 1:100.000. Hvorfor er det en god idé at have et system, der har så dårlige odds – for at sige det lige ud? LINEBREAK ","44","20171M036_2017-12-19_1000","ORIGINAL"
"13:57","May-Britt Kattrup (LA):","Tak for det. Jamen det er, fordi fru Pernille Skipper sagde, at der var nogle kvinder, som blev snydt, kun fordi de var kvinder. Hvis det er tilfældet, er det jo en overtrædelse af eksisterende lovgivning, og så skal man melde de arbejdsgivere. Hvorfor gør man så ikke det? LINEBREAK ","49","20171M074_2018-03-23_1000","ORIGINAL"
"18:47","Alex Ahrendtsen (DF):","Evalueringen viser, at 70 ud af 71 kommuner overhovedet ikke bruger den her lov. Ville det så ikke være smart og effektivt og en regelforenkling og en afbureaukratisering at fjerne den her lov, når den er så overflødig og unødvendig? LINEBREAK ","40","20181M006_2018-10-11_1000","ORIGINAL"
"13:22","Benny Engelbrecht (S):","Jeg læser spørgsmålet op: Ifølge de seneste udmeldinger fra regeringen har den udskudt at tage stilling til en række bebudede politiske initiativer til efteråret eller senere, eksempelvis jobreform 2, senere tilbagetrækningsalder og en SU-reform – forventer ministeren på den baggrund, at regeringens bebudede 2025-plan også udsættes til efteråret eller senere? LINEBREAK ","50","20161M061_2017-02-22_1300","ORIGINAL"
"17:30","Carsten Bach (LA):","Jeg skal så beklage, at jeg har misforstået ordføreren. Det er jeg også ked af, men måske kan fru Ida Auken uddybe lidt for undertegnede og andre, hvilken udbudsform man tænker på, og måske inddrage teknologineutralitet en lille smule i de ræsonnementer, Det Radikale Venstre gør sig om udbygningen af vedvarende energi i fremtiden. LINEBREAK ","54","20161M103_2017-05-29_1000","ORIGINAL"
"21:40","Carsten Bach (LA):","Jeg kan forsikre spørgeren om, at det har jeg ikke og det har Liberal Alliance heller ikke. Det tror jeg måske er helt indgroet og intuitivt for Liberal Alliances folketingsmedlemmer, når vi på lang afstand kan spotte bureaukrati eller unødvendige administrative opgaver                    – en anden formulering, som jeg også anvendte tidligere – for ministerierne. LINEBREAK ","54","20161M097_2017-05-16_1300","ORIGINAL"
"16:39","Ældreministeren (Thyra Frank):","Jeg vil da rigtig gerne med spørgeren ud at besøge plejehjem. Jeg ser meget frem til, at vi kan komme til at tale om fremtiden i stedet for fortiden, og jeg vil rigtig gerne gøre en stor forskel for de ældre ude på landets plejehjem. LINEBREAK ","45","20161M049_2017-01-25_1300","ORIGINAL"
"18:35","Udenrigsministeren (Anders Samuelsen):","Nej, det vil jeg selvfølgelig medgive. Det skulle forstås på en anden måde, nemlig, som jeg også sagde i forhold til TTIP, at jeg ikke anser den sag som lukket på nuværende tidspunkt. Den er taget af bordet, og så skal den på bordet igen, og så skal vi se, hvor det så lander. Det skal forstås på den måde. LINEBREAK ","60","20161M072_2017-03-23_1000","ORIGINAL"
"11:31","Alex Ahrendtsen (DF):","Ja, hvis evalueringen siger, at det her er verdens bedste karakterskala, at der ingen problemer findes – det fungerer bare derude, og lærerne er helt vilde med den, eleverne jubler, hver gang de får en karakter – så kunne man godt forestille sig det. Jeg tror ikke, det ender sådan, men i teorien kunne det godt. LINEBREAK ","56","20161M103_2017-05-29_1000","ORIGINAL"
"16:21","Ældreministeren (Thyra Frank):","Tilsynsbesøg på plejehjem er vigtige for at sikre den kvalitet og patientsikkerhed, som borgerne fortjener. Så selvfølgelig skal man også følge op på de kritikpunkter, som tilsynet måtte have. Derfor er jeg meget ked af, at der var nogle ting, som jeg ikke fik fulgt hurtigt nok op på. LINEBREAK ","49","20161M065_2017-03-01_1300","ORIGINAL"
"13:43","Christian Juhl (EL):","Det prøver han lige igen, ja. Jamen det vil sige, at Socialdemokratiet og ordføreren er uenige i at stille krav om, at f.eks. den verdslige ledelse af trossamfund skal gennemføres uden fra demokratiske spilleregler, og at man skal tage hensyn til ligestilling? Det mener ordføreren ikke at man kan kræve? LINEBREAK ","50","20171M028_2017-12-05_1300","ORIGINAL"
"16:50","Transport-, bygnings- og boligministeren (Ole Birk Olesen):","Næh, jeg sagde jo det stik modsatte. Jeg sagde, at regeringen går op i, at loven overholdes, herunder også loven om cabotagekørsel. Det er ikke noget, hr. Rasmus Prehn kan genfinde i, hvad jeg har sagt, fordi jeg har det modsatte standpunkt, nemlig at loven skal overholdes. LINEBREAK ","47","20161M031_2016-12-07_1300","ORIGINAL"
"17:09","Christian Juhl (EL):","Jamen så vil jeg gerne høre, hvad regeringens linje er. Altså, er regeringens linje bare, at man ingenting gør, eller er regeringens linje, at vi reelt skal gøre noget aktivt for at få begge parter til at lade være med at udvikle endnu flere bestialske masseødelæggelsesvåben? LINEBREAK ","46","20171M075_2018-04-03_1300","ORIGINAL"
"19:12","Christian Juhl (EL):","Det er selvfølgelig kun en kort bemærkning. Storbritannien og Holland gør det jo ikke alene, men er der aftaler med de to lande om, at vi springer ud i det her eksperiment nu? Ellers er der jo de andre tilbage, og vil man kunne komme til at se Venstre anbefale aftaler med Tyrkiet, Ungarn og Rusland i det her spørgsmål? LINEBREAK ","60","20161M068_2017-03-14_1300","ORIGINAL"
"15:30","Alex Ahrendtsen (DF):","Vores vurdering er, at det lever op til grundloven og konventionen. Hvis det nu viser sig, at det også er ministeriets vurdering, når de der spørgsmål, som ministeriet har rejst, er afklaret og bekræfter det, er Det Konservative Folkeparti så rede til at støtte beslutningsforslaget? LINEBREAK ","45","20171M076_2018-04-04_1300","ORIGINAL"
"16:14","Ældreministeren (Thyra Frank):","Jamen selvfølgelig skal det sundhedsfaglige være i orden på et plejehjem, og det betyder også, at medicinen selvfølgelig skal gives som foreskrevet og efter ordination. Nu står jeg her i dag som ældreminister, og som minister forventer jeg så, at de enkelte plejehjem lever op til de eksisterende regler og vejledninger, når der lokalt skal tilrettelægges en patientsikker medicinhåndtering. LINEBREAK ","59","20161M061_2017-02-22_1300","ORIGINAL"
"20:38","Carsten Bach (LA):","Ja, men gør ordføreren så reelt set det i forhold til lidt at ønske at gennemføre måske ikke hele det famøse projekt, men så i hvert fald dele af det, hvis det faktisk medfører en ret stor risiko for at lægge selvstyrets økonomi i ruiner efterfølgende? LINEBREAK ","46","20171M003_2017-10-05_1000","ORIGINAL"
"18:44","Carsten Bach (LA):","Som jeg også redegjorde for før, mener jeg og Liberal Alliance, at vi landspolitisk, altså her i Folketinget, kun skal foretage den nødvendige regulering og i hvert fald slet ikke indføre den type af forbud, som beslutningsforslaget her lægger op til. LINEBREAK ","41","20161M099_2017-05-18_1000","ORIGINAL"
"13:12","May-Britt Kattrup (LA):","I de overenskomstforhandlinger, der kører nu, er der sat nogle rammer, og de rammer skal vi som folketingspolitikere ikke gå ind og blande os i, efter de er sat og forhandlingerne kører. Derfor vil jeg ikke gå mere ind i sagen. LINEBREAK ","41","20171M074_2018-03-23_1000","ORIGINAL"
"13:53","Udenrigsministeren (Anders Samuelsen):","Nej, jeg tror, det generelt optager rigtig mange, at der følges op på den aftale i forhold til en til en-ordningen. Og alle har jo en interesse i, at der også følges op på den del af aftalen. Så mit indtryk er, at det generelt er noget, som der er fokus på. LINEBREAK ","52","20171M105_2018-05-31_1000","ORIGINAL"
"14:23","Finn Sørensen (EL):","Tak. Jeg kørte lidt på automatpilot. Jeg tænkte, at formanden må vide, at jeg vil stille spørgsmål til Hans Andersen. Undskyld! LINEBREAK Jeg har bare det her spørgsmål: Hvorfor er det kun bandekriminelle og syrienskrigere, der skal have frataget eller nedsat deres ydelser, når de er blevet dømt for et eller andet? LINEBREAK ","51","20181M012_2018-11-01_1000","ORIGINAL"
"15:51","Carsten Bach (LA):","Det er jo netop i lovforslaget fremsat på den måde, at de fagpersoner, som ordføreren begræder sidder i nævnet udpeget af erhvervene, bliver udpeget af en gruppe af interesseorganisationer, hvorimod fagpersonen på natur- og miljøområdet ensidigt bliver indstillet af Danmarks Naturfredningsforening. Jeg ved ikke, om det ændrer på ordførerens mening om det. LINEBREAK ","52","20161M012_2016-11-08_1300","ORIGINAL"
"17:34","May-Britt Kattrup (LA):","Jeg kender ikke specifikt lovgivningen i Frankrig, men jeg kan virkelig ikke få øje på problemerne i Danmark, det må jeg bare sige. Og jeg synes, at den lovgivning, der er i forvejen, dækker de problemer, som der bliver beskrevet. LINEBREAK ","40","20181M073_2019-03-19_1300","ORIGINAL"
"16:14","Ældreministeren (Thyra Frank):","Det kan jeg sige nej til, det har han ikke. Men jeg er da meget glad for at se, at man har meddelt, at der vil være et nyt møde, et ekstraordinært møde, på mandag, så det kunne godt se ud, som om borgmesteren har besluttet sig til sammen med byrådet at tage sagen op igen. LINEBREAK ","56","20181M062_2019-02-20_1300","ORIGINAL"
"18:59","Alex Ahrendtsen (DF):","Tak for det. Ministeren er jo kendt for at nære en stor kærlighed til fri- og privatskoler. Når nu loven i dag er sådan, at fri- og privatskoler kan oprette internationale grundskoleafdelinger, vil det så ikke være nærliggende at bruge den her evaluering som anledning til at skrotte loven i stedet for at udskyde revisionen? LINEBREAK ","55","20181M006_2018-10-11_1000","ORIGINAL"
"16:52","Alex Ahrendtsen (DF):","Der bliver sagt meget modsætningsfyldt fra talerstolen i dag. Ordføreren siger, at han går ind for frihed, men det er åbenbart kun bestyrelsens frihed til at beslutte noget, men beboernes frihed til at give deres mening til kende forud for en beslutning ønsker man egentlig ikke at sikre. Er det rigtigt forstået? LINEBREAK ","52","20161M086_2017-04-26_1300","ORIGINAL"
"13:35","Benny Engelbrecht (S):","Men kan ministeren ikke bare bekræfte, at bl.a. de økonomiske vismænd peger på, at dansk økonomi er overholdbar? Vi er helt enige om, at der er en hængekøjeudfordring ude i horisonten. Jeg mener, at det er omkring 2035 eller 2040, at den er størst. Men i det store perspektiv er dansk økonomi overholdbar. LINEBREAK ","53","20161M091_2017-05-03_1300","ORIGINAL"
"15:27","Transport-, bygnings- og boligministeren (Ole Birk Olesen):","Nu ved jeg ikke, hvorfor hr. Roger Matthisen kaldte det økonomiske hensyn. Det er mobilitetshensyn. De kan gøres op i økonomi, men de kan også gøres op i en oplevelse af at kunne være med i samfundet, at kunne deltage i samfundet, og det er ikke snæver økonomi. Det er velvære, velfærd, velfærdsgevinster. LINEBREAK ","53","20181M084_2019-04-10_1300","ORIGINAL"
"13:26","Carsten Bach (LA):","Tak. Jeg fornemmede en meget, meget lille åbning for noget lokaldemokrati. Jeg kunne bare godt tænke mig at få en forklaring på, hvad det er, der gør, at hr. Christian Poll mener, at han selv og andre folketingsmedlemmer og staten som administrativ enhed er bedre til at vurdere, hvad der er godt og mindre godt for lokalområder, herunder vores kyster. LINEBREAK ","60","20161M054_2017-02-02_1000","ORIGINAL"
"10:41","Henrik Dahl (LA):","Til det første vil jeg sige, at vi altid er glade for ros og specielt, når den kommer fra Enhedslisten. Så tusind tak for det. Ja, der bliver jo lavet mange forskellige empiriske undersøgelser af det samme emne, og de når frem til forskellige resultater. De undersøgelser, jeg har set, når frem til det, som jeg siger. LINEBREAK ","57","20181M033_2018-12-07_1000","ORIGINAL"
"17:19","Torsten Gejl (ALT):","En af de ideer, som vi hørte fra fru Karina Adsbøl, var det her med en mere kraftfuld og obligatorisk taskforce. Det havde jeg ikke selv set, det havde jeg ikke hørt før, men ideen synes jeg er god. Det er sådan noget, vi gerne vil være med til at drøfte i den forbindelse. LINEBREAK ","54","20161M044_2017-01-17_1300","ORIGINAL"
"13:54","Finn Sørensen (EL):","Tak. Ordføreren nævner, at ordføreren har en række betænkeligheder. Der er vel også nogle betænkeligheder omkring borgernes retssikkerhed, som Danske Handicaporganisationer påpeger i deres høringssvar. Hvordan har ordføreren det med det? Det er jo borgere med stærkt nedsat funktionsevne, stærkt svækkede borgere, der bliver frataget noget selvbestemmelse her. Hvordan har Dansk Folkeparti det med det? LINEBREAK ","55","20161M092_2017-05-04_1000","ORIGINAL"
"14:55","Finn Sørensen (EL):","Der var ikke noget nyt i spørgsmålet, og der kommer heller ikke noget nyt i svaret. Jeg konstaterer bare, at ordføreren ikke ønsker at diskutere det punkt, der er på dagsordenen. Han vil hellere snakke om noget helt andet. Det må vi bare tage til efterretning. LINEBREAK ","46","20171M056_2018-02-06_1300","ORIGINAL"
"13:26","Benny Engelbrecht (S):","Så med andre ord er det sådan, at når man kan citere socialministeren for at sige, at den beslutning både kan ligge oppe i sundhedsvæsen Danmark, og at den også kan ligge nede i forvaltningerne, så er det det, der er retvisende og korrekt.   LINEBREAK ","44","20181M084_2019-04-10_1300","ORIGINAL"
"17:13","Udenrigsministeren (Anders Samuelsen):","Vi mener, at vi også på det her område sikrer den bedst mulige aftale ved at føre EU-27-sporet og forfølge det spor. Det er den måde, hvorpå vi står bedst i de forhandlinger, som kommer, og det kommer også til at inkludere den bedst mulige aftale på det her område. LINEBREAK ","50","20161M090_2017-05-02_1300","ORIGINAL"
"13:11","Finn Sørensen (EL):","Tak. Jeg synes, at jeg prøvede at stille spørgsmålet, sådan at der kunne svares ja eller nej på det. Hvad betyder det, at det ikke nødvendigvis skal være en til en? Altså, det er en lidt ulden formulering. Er der en lille dør på klem for at bevæge sig i retning af Dansk Folkepartis synspunkt? LINEBREAK ","55","20161M092_2017-05-04_1000","ORIGINAL"
"11:07","Alex Ahrendtsen (DF):","Men ordningen er jo skruet sådan sammen, at det ikke er nok at have bogen stående, den skal også udlånes, og på baggrund af udlånet får du så udbetalt penge på baggrund af et kompliceret pointsystem. Så det udligner egentlig sig selv. LINEBREAK ","42","20161M066_2017-03-02_1000","ORIGINAL"
"12:04","Finn Sørensen (EL):","Begge beløb er før skat i forbindelse med den sammenligning, jeg laver. Kontanthjælpen er 10.968 kr., og industriens mindsteløn, når man medregner de tillæg, faste tillæg, der kan gøres op i penge, som feriepenge, feriefridage og pension, kommer op på 22.411 kr. før skat. Begge dele er før skat. Så kan det vel betale sig at arbejde, ikke sandt? LINEBREAK ","59","20161M059_2017-02-10_1000","ORIGINAL"
"15:21","Transport-, bygnings- og boligministeren (Ole Birk Olesen):","Som det er spørgeren bekendt, var jeg ikke minister den 13. maj 2013. Som minister i denne regering arbejder jeg for gennemførelsen af regeringens politik, og det indgår ikke i regeringsgrundlaget, at huslejereguleringen skal ophæves. Mit arbejde som boligminister vil naturligvis blive udfoldet inden for rammerne af dette regeringsgrundlag. LINEBREAK ","49","20161M041_2017-01-11_1300","ORIGINAL"
"11:33","Alex Ahrendtsen (DF):","Tak for svaret. Det betyder jo så også, at enhver ordfører og ethvert parti har mulighed for i sagen under forhandlingen at stille ændringsforslag og forsøge at forbedre lovforslaget, når der bare egentlig ligger en forståelse forud for behandlingen. Er det ikke korrekt? Er det ikke normalt og kutyme i salen, at man kan gøre disse ting? LINEBREAK ","57","20161M066_2017-03-02_1000","ORIGINAL"
"16:32","Ældreministeren (Thyra Frank):","Det er klart, at det skal være den rigtige medicin til den rigtige patient på det rigtige tidspunkt, og medicinhåndteringen skal tilrettelægges, så det på det enkelte plejehjem giver mening, og inden for de regler og vejledninger, der er fastsat fra centralt hold. LINEBREAK ","43","20161M061_2017-02-22_1300","ORIGINAL"
"14:32","Finn Sørensen (EL):","Det kan jeg altså ikke rigtig forstå, for det var åbenbart ikke nødvendigt i 2014, da man diskuterede det problem, at den daværende regering ikke ville administrere i overensstemmelse med lovteksten. Så hvad er der sket? Er der sket det, at Det Konservative Folkeparti er kommet i tvivl om, at den argumentation, man fremførte dengang, faktisk ikke var rigtig? LINEBREAK ","59","20161M074_2017-03-28_1300","ORIGINAL"
"17:16","Udlændinge- og integrationsministeren (Inger Støjberg):","Ja, det gør vi jo, men det skal være under skyldig hensyntagen til, at vi også skal kunne følge med, og det må man sige at det kniber med, med det antal af flygtninge og asylansøgere generelt, som vi har set er kommet til Danmark i de tidligere år. LINEBREAK ","49","20161M030_2016-12-06_1330","ORIGINAL"
"20:57","Carsten Bach (LA):","Tak for svaret på det. I tilfælde af selvstændighed, hvordan forudser ordføreren så at en suverænitetshåndhævelse skal varetages på Færøerne? Og måske kan ordføreren også komme med en vurdering af, hvilke forsvarsalliancer der i så tilfælde skulle indgås på Færøerne. LINEBREAK ","40","20161M028_2016-12-05_1000","ORIGINAL"
"14:09","Transport-, bygnings- og boligministeren (Ole Birk Olesen):","Jeg synes, at Park & Ride er en rigtig, rigtig god idé, og når hr. Rasmus Prehn stiller et skriftligt spørgsmål til mundtlig besvarelse om mit generelle indtryk af Park & Ride og de generelle ting, som er igangsat på området, svarer jeg gerne på det. LINEBREAK ","46","20171M069_2018-03-14_1300","ORIGINAL"
"14:24","Alex Ahrendtsen (DF):","Som jeg hører ordføreren, vil hun også gerne blive klogere på afgørelser, der understøtter regeringen. Dem har hun så ikke kunnet fremskaffe, og det er selvfølgelig ikke godt nok. Så hvis regeringen ikke kan fremskaffe afgørelser, der understøtter regeringens afvisning, vil det så ikke være klogt af Venstres ordfører at give det her beslutningsforslag en chance? LINEBREAK ","56","20171M062_2018-02-22_1000","ORIGINAL"
"13:14","Udlændinge- og integrationsministeren (Inger Støjberg):","Altså, umiddelbart er vurderingen, at vi er gået til kanten og jo endda også en tåspids over kanten – i hvert fald efter Ombudsmandens vurdering. Så mit svar vil være nej. Men det er et spørgsmål, som Dansk Folkeparti selvfølgelig er hjertelig velkommen til at rejse, og så vil man også få et juridisk svar på det. LINEBREAK ","57","20161M056_2017-02-07_1300","ORIGINAL"
"15:03","Udlændinge- og integrationsministeren (Inger Støjberg):","Som jeg allerede sagde først i mine svar her, er vi ikke i gang med at lave særaftaler, som kan give udlændinge fra afrikanske lande lettere adgang til at få opholdstilladelse i Danmark. Men det har jeg jo allerede sagt, så der er svaret: Nej, vi er ikke i gang med at lave nogen særaftaler. LINEBREAK ","55","20161M069_2017-03-15_1300","ORIGINAL"
"12:56","Finn Sørensen (EL):","Jamen vi har stemt imod forhøjelserne af pensionsalderen til 67 år, og vi har også stemt imod forhøjelserne af pensionsalderen til 68 år, så det er vel ikke så svært at finde ud af, hvad vores politik er. Vi synes, at en pensionsalder på 65 år, er et udmærket sted at have en pensionsalder. LINEBREAK ","54","20181M017_2018-11-09_1000","ORIGINAL"
